,書名,作者,出版日期,內容介紹,網址
1,我是科學小英雄：做了就懂的STEAM生活科學小遊戲(附32個實驗QR Code影片),"Jeong-a Kweon,Sunmi Choi,Yeram Kim,Yereum Jeon",2020-11-06,"
國小自然科學教師們精心嚴選孩子們特別喜歡、 做起來很有趣也有成就感的100個在家科學小遊戲!    市面上最豐富、超有趣，從幼兒玩到小學，   完全步驟圖解的STEAM生活主題科學遊戲書!    結合“新課綱自然...more
",https://www.books.com.tw/products/0010874722?loc=P_0003_001
2,國中生子彈筆記考試法(附「超實用會考題目詳細解析」別冊)：學霸校長教你只要100天，讓各科滿分的K書技巧!,謝龍卿,2020-10-29,"
★他創下全台灣最年輕當上校長的紀錄 ★教你30分鐘學會「會考」高分攻略法   ★學霸校長就是會考試，看看他優異的經歷   ‧雄中、清大和師大的學霸   ‧考彰化師大教育研究所博士班，第一名錄取，第一名成績畢...more
",https://www.books.com.tw/products/0010873492?loc=P_0003_002
3,校田裡的生活課：直擊108課綱第一現場，種菜玩出學習力 ×創造力 × 品格力,李佳芳,2020-10-21,"
呆呆聽講、死背課本Out， 腳踩泥土，田園變教室In! 一本最實用的工具書，啟動最酷的跨領域素養教學， 輕鬆激發孩子自主學習的動力與潛力。    108課綱已正式展開，老師、家長該怎麼做到核心素養的培養，  ...more
",https://www.books.com.tw/products/0010873378?loc=P_0003_003
4,教育情緣：回首七十人生教育路(平裝版),吳清基,2020-10-12,"
教育是成人之美的志業──本書為臺灣核心教育人物，倡議「精緻教育」、「未來學校教育」的優秀教育家──前教育部長吳清基，參與教育行政、決策與執行的重要史料。    從對教育的邂逅、淬鍊、實踐以及自身閱歷...more
",https://www.books.com.tw/products/0010874547?loc=P_0003_004
5,自主學習成就解鎖：帶你找到最想學、打造獨有學習歷程,葉士昇,2020-10-07,"
自主學習--108課綱掀起的學習變革!   高中每週2小時的「空堂」，該做什麼?   每學期的學習歷程檔案，該上傳什麼?   學會自主學習，108課綱學生迫切需要幫助!   教導自主學習，親師卻無前例可循!   一位國...more
",https://www.books.com.tw/products/0010872378?loc=P_0003_005
6,"一口氣學 ""惠"" 50 FUN GAMES",郭雅惠,2020-10-01,"
1.作者藉由全書中的50個遊戲，分享如何延伸變成114個遊戲。    2.全書所有遊戲只要稍加變通，任何語言課程甚至其他學科，皆可應用。每個遊戲後所留的空白頁，就是希望讀者有更多的發想。    3.本書可以是...more
",https://www.books.com.tw/products/0010872969?loc=P_0003_006
7,超級遊戲王(100個中英對照超實用英語課堂遊戲),Yi-Hui Zappe,2020-09-18,"
100個中英對照英語課堂遊戲 不只很會教 也讓你成為超級孩子王    適用對象：   1. 希望課堂活動能更活潑多元的英語教師   2. 需與外師共同設計課堂遊戲的英語教師   3. 想在課堂上帶入全美語遊戲的英語教...more
",https://www.books.com.tw/products/0010871215?loc=P_0003_007
8,AI時代的教與學：探索學習新疆界,蜜雪兒‧齊默曼,2020-09-18,"
這不是一本闡述AI技術的書籍，   而是寫給所有第一線的教育工作者，提供200個教學活動資源:   引領學生認識AI，學會與AI共處，並在未來創造超越AI的價值。   幫助老師用對AI，更聰明的工作，增進教學效能...more
",https://www.books.com.tw/products/0010869901?loc=P_0003_008
9,STEM大驚奇(共4冊)：我的第一套跨領域科學素養小百科,《未來少年》《未來兒童》編輯群,2020-09-04,"
★可讀可玩、手腦並用、深刻學習 ★科學素養最佳入門書    全系列緊扣108課綱科技領域，為孩子量身打造，分門別類搭配圖解詳細說明，從日常生活常見事物出發，啟發學習的好奇心，培養「設計思維」以及「做、...more
",https://www.books.com.tw/products/0010869034?loc=P_0003_009
10,Scratch+跨領域學習,紀文昌,2020-09-01,"
課程名稱：Scratch跨領域   年 級：六年級上學期   教 師：   上課節數：每週二節，六個專題，分十八週進行   設計理念：   本學期的專案，由108華紙公益盃PK賽選取的專案，各專案的領域有語文、數學、自...more
",https://www.books.com.tw/products/0010869195?loc=P_0003_010
11,科學少年學習誌：科學閱讀素養理化篇2,,2020-08-27,"
★自己的科學素養自己救★   ★金鼎獎雜誌《科學少年》選文+108課綱學習教材★   ★完勝會考 學校課程延伸評量★   本書精選《科學少年》雜誌的重點篇章為閱讀素材，   並由全臺線上國中自然科老師撰寫學習單， ...more
",https://www.books.com.tw/products/0010867585?loc=P_0003_011
12,科學少年學習誌：科學閱讀素養地科篇2,,2020-08-27,"
★自己的科學素養自己救★   ★金鼎獎雜誌《科學少年》選文+108課綱學習教材★   ★完勝會考 學校課程延伸評量★   本書精選《科學少年》雜誌的重點篇章為閱讀素材，   並由全臺線上國中自然科老師撰寫學習單， ...more
",https://www.books.com.tw/products/0010867586?loc=P_0003_012
13,科學少年學習誌：科學閱讀素養套書2,,2020-08-27,"
★自己的科學素養自己救★   ★金鼎獎雜誌《科學少年》選文+108課綱學習教材★   ★完勝會考 學校課程延伸評量★   本書精選《科學少年》雜誌的重點篇章為閱讀素材，   並由全臺線上國中自然科老師撰寫學習單， ...more
",https://www.books.com.tw/products/0010867577?loc=P_0003_013
14,科學少年學習誌：科學閱讀素養生物篇2,,2020-08-27,"
★自己的科學素養自己救★   ★金鼎獎雜誌《科學少年》選文+108課綱學習教材★   ★完勝會考 學校課程延伸評量★   本書精選《科學少年》雜誌的重點篇章為閱讀素材，   並由全臺線上國中自然科老師撰寫學習單， ...more
",https://www.books.com.tw/products/0010867583?loc=P_0003_014
15,孩子的第一本工程科學II：使用fischertechnik工程積木學習機構與設計實務,宋德震,2020-08-05,"
・與生活經驗結合及108新課綱課程相配合。   ・彌補正規教育的不足，建立部分與整體建模之概念。   ・加強工程模型設計，與連結數學演繹的能力。...more
",https://www.books.com.tw/products/0010867122?loc=P_0003_015
16,多元文化兒童音樂教育劇場,李之光,2020-08-04,"
本專書嘗試從劇場的角度來看待音樂教育，藉由不同的文化、議題、時空、題材，在多樣化的藝術元素中建構出一個適合兒童去探索與學習的多元文化音樂世界。...more
",https://www.books.com.tw/products/0010867229?loc=P_0003_016
17,STEM動腦大挑戰系列全集 (4冊),"保羅．維爾,克蕾兒．席比,史蒂芬妮．克拉克森,漢娜．威爾森",2020-08-01,"
★結合知識、學習、挑戰與統整的互動活動書， 一起循序漸進的讓大腦越動越靈光，迎接充滿樂趣的STEM吧★   你喜歡用腦或喜歡解決問題嗎?   準備接受挑戰，來探索數學、科學與科技的奧秘，進行一場處處充滿神...more
",https://www.books.com.tw/products/0010858946?loc=P_0003_017
18,兒童戲劇教育：肢體與聲音口語的創意表現,林玫君,2020-08-01,"
以肢體及聲音口語作為戲劇創作的藍圖而發展的戲劇教育教學實例書。    以學習者為中心、兒童遊戲為出發點，有系統地介紹「戲劇」如何連結「教育」，以改變學生的學習方式。課程的內容來自現場行動研究之活...more
",https://www.books.com.tw/products/0010866837?loc=P_0003_018
19,動動文字：解鎖你的文字力,賴秋江,2020-07-27,"
語文素養開外掛   課本、評量、桌遊、影片都能任意搭    超過二萬名「動文字」桌遊使用者   許願推薦    一本 讓識字教育也能輕鬆有趣的 百搭工具書   一套 為生字教學現場量身打造的 解套祕笈   讓我們  ...more
",https://www.books.com.tw/products/0010863931?loc=P_0003_019
20,小小科學家：STEAM 在家玩實驗(內含實驗材料包7組+趣味小實驗11個+科學小知識22個),,2020-07-01,"
簡單有趣的實驗， 開啟孩子的創新思維大門! 在遊戲中學習，提升學習興趣。   趣味小實驗11個+科學小知識22個，   配合108課綱新素養，符合STEAM教育理念，   用有趣又好玩的小實驗，   讓孩子用簡單易懂的...more
",https://www.books.com.tw/products/0010861997?loc=P_0003_020
21,小小科學家：STEAM 實驗大發現(內含實驗材料包9組+趣味小實驗14個+科學小知識22個),FunHouse師資團隊,2020-07-01,"
簡單有趣的實驗， 開啟孩子的創新思維大門! 在遊戲中學習，提升學習興趣。   趣味小實驗14個+科學小知識22個，   配合108課綱新素養，符合STEAM教育理念，   用有趣又好玩的小實驗，   讓孩子用簡單易懂的...more
",https://www.books.com.tw/products/0010862004?loc=P_0003_021
22,教育，我相信你,藍偉瑩,2020-06-30,"
藍偉瑩：我想為孩子們說話 這次，她以一位教師長期陪伴者 一位母親、一位公民身份 以多元角度解析教育本質 讓我們相信，只要信任彼此 孩子就能擁有更寬廣的天空   以母親視角 × 老師視角 × 公民視角 × 人...more
",https://www.books.com.tw/products/0010862090?loc=P_0003_022
23,聽，鯨在唱歌：素養導向國語文教學設計實務,許育健,2020-06-25,"
●融合理論與創新●深化國語文教學●啟動教學實踐力    打開學習的任意門!    素養導向教學不再只以學科知識作為主要的教學內容，而是關照學習者可整合運用於生活情境，強調生活中實踐力行的特質。若我們希望...more
",https://www.books.com.tw/products/0010863303?loc=P_0003_023
24,孩子的第一本工程科學I：使用fischertechnik工程積木學習結構與設計實務,宋德震,2020-06-19,"
・與生活經驗結合及108新課綱課程相配合。   ・彌補正規教育的不足，建立部分與整體建模之概念。   ・加強工程模型設計，與連結數學演繹的能力。...more
",https://www.books.com.tw/products/0010862453?loc=P_0003_024
25,STEAM小翻頁：原子與分子大發現(超值附贈「我的元素週期表」精美海報),蘿西‧狄金絲Rosie Dickins,2020-06-04,"
風靡英國暢銷知識教育小百科 用STEAM 小翻頁 將龐雜抽象的化學知識，化作親近孩子的科學養分! ◆符合教育部108課綱◆科學素養先修◆ ★亞馬遜五顆星 家長孩子好評推薦★ ~不再懼怕化學，引發自學力和求知熱情~ ...more
",https://www.books.com.tw/products/0010859257?loc=P_0003_025
26,STEAM小翻頁：元素週期表大發現(超值附贈「我的元素週期表」精美海報),蘿西‧狄金絲Rosie Dickins,2020-06-04,"
風靡英國暢銷知識教育小百科 用STEAM 小翻頁 將龐雜抽象的化學知識，化作親近孩子的科學養分! ◆符合教育部108課綱◆科學素養先修◆ ★亞馬遜五顆星家長孩子好評推薦★ ~不再懼怕化學，引發自學力和求知熱情~  ...more
",https://www.books.com.tw/products/0010859255?loc=P_0003_026
27,素養小學堂：清華大學附小資深名師葉惠貞這樣教素養,葉惠貞,2020-05-29,"
幫助每一位教師成為「素養教學的實踐者」 促進每一位家長成為「素養教學的參與者」     30年教學現場實戰經驗 ╳「簡易、可行、好操作」的教學策略   教師成長增能最佳實作指南，家長認識新課綱教學第一本...more
",https://www.books.com.tw/products/0010858984?loc=P_0003_027
28,共學，共好：夏嘉璐的親師協力教養主張,"夏嘉璐,黃于瑄",2020-05-29,"
課後共學力，培養孩子無限的創造力!   放學後除了讓孩子上安親班，   其實還有其他的選擇!   讓主播夏嘉璐與共學老師黃于瑄，   分享課後共學的親身經驗，   告訴你如何打造邊玩邊學的共學環境，   提供超...more
",https://www.books.com.tw/products/0010858700?loc=P_0003_028
29,STEM的一天套書：科學、科技、工程、數學【配合108課綱，跨領域學習，培養自然科學和數理素養】,"南西迪克曼,安魯尼",2020-05-28,"
配合108課綱自然科學和數學領域，培養小學生科學、科技、數理素養，啟發心智，玩出創意與行動力!    「STEM的一天套書」依據「科學(S，Science)、科技(T，Technology)、工程(E，Engineering)、數學(M，M.....more
",https://www.books.com.tw/products/0010859286?loc=P_0003_029
30,用心，與孩子對話：用「好奇心」提問，用「接納心」傾聽，用「祝福心」回應,宋慧慈,2020-05-27,"
「提問」比「給答案」重要   有層次的提問，提高孩子的專注力、激發孩子的創造力!    連續六年榮獲「全國教師創新教學競賽」獎的宋慧慈老師，如同教改的先行者，在三十年教學期間，秉持著「帶起每個孩子」...more
",https://www.books.com.tw/products/0010858301?loc=P_0003_030
31,夢的實踐：MAPS種子教師教學現場紀實,"MAPS種子教師,王政忠",2020-05-05,"
▶想要解決問題的老師會尋找方法，甚至創造方法。   沒有哪種單一方式教學法可以完全解決不同教室裡的所有問題，也沒有哪個神人教師可以完全處理不同場域中孩子的所有狀況。   ✏「只有你的MAPS教學法才有辦...more
",https://www.books.com.tw/products/0010855640?loc=P_0003_031
32,老師的回家功課：電影裡的素養札記,李威使,2020-05-04,"
同樣是看影片，怎樣才能讓孩子擁有更獨立的思維方式? 本書教你如何透過影像(影片)閱讀，引導孩子思考社會現象、政治生態，甚至是生命的議題。   這是一位老師最私密的告白。   孩子，我跟你說：   在離開...more
",https://www.books.com.tw/products/0010856528?loc=P_0003_032
33,歷史思考大未來：勾勒歷史教學的藍圖,山姆．溫伯格,2020-04-24,"
《歷史思考大未來》全書共有十章，分為四個部分：「為何學習歷史?」、「歷史對學生的挑戰」、「歷史對老師的挑戰」、「歷史與國家記憶」。這四個部分中，作者依序闡釋了學校歷史科存在的價值與意義，課堂...more
",https://www.books.com.tw/products/0010856980?loc=P_0003_033
34,大人不敢跟我們說的秘密,羅丰苓,2020-04-01,"
全彩圖文+多媒體影音資源，專為青少年設計的性教育寶典，更喚醒對性與愛的尊重與熱情!   ◎作為性別教育專家的作者，將多年來輔導青少年問題的經驗集結成冊，供家長與孩子們一同學習，增進親子間的交流與溝...more
",https://www.books.com.tw/products/0010852597?loc=P_0003_034
35,思維風暴：兒童如何用電腦建構無限可能,西摩爾．派普特,2020-03-20,"
《思維風暴：兒童如何用電腦建構無限可能》是一本啓發了三代圖靈獎得主的經典名著。作者西摩爾.派普特(Seymour Papert)獲得皮亞傑真傳，為過去50年最偉大的教育哲學家。本書不僅包含對當代教育的批判，為...more
",https://www.books.com.tw/products/0010854074?loc=P_0003_035
36,從遊戲中學編碼+不插電也能學編碼 跨領域親子學習套書,王啟仲（超級奶爸WCC）,2020-03-12,"
程式設計即將納入2019年的12年國教新課綱 讓孩子由coding遊戲做起，從小奠定跨領域學習基礎 ★套書組成一：《從遊戲中學編碼：專為幼兒設計的第一本Coding學前教育書 》 對學齡前的幼兒來說，若能透過遊戲...more
",https://www.books.com.tw/products/0010851073?loc=P_0003_036
37,《用創新方法與思維學好數學!》精選套書(藝數摺學+幫孩子找到自信的成長型數學思維+數學，為什麼是現在這樣子?),"安．魯尼,李政憲,裘．波勒",2020-03-07,"
《藝數摺學：18堂從2D到3D的「摺紙數學課」，讓幾何從抽象變具體，發現數學的實用、趣味與美(對應108十二年國教新課綱)》 【第一本搭配台灣十二年國教108新課綱的數學摺紙學習書】 學幾何不必憑空想像、背...more
",https://www.books.com.tw/products/0010850751?loc=P_0003_037
38,希望樹專刊01：科技領域這樣教最好玩,"吳玲芬,張原禎,張友信,張庭禎,蔡兆琛,郭銘宜,鄒成偉,鄭之婷,陳金助,陳韋邑,黃文玉",2020-02-25,"
《iPOE科技誌》舉辦第一屆希望樹願景工程，錄取了11 位教師的優質科技領域教案，集結成本書，同時搭配MLC創客學習力雷達圖與數據值，提供最清晰的課程範疇，每篇教案都是最佳的跨領域學習成果示範。《iPOE...more
",https://www.books.com.tw/products/0010851255?loc=P_0003_038
39,真希望國中數學這樣教：暢銷20萬冊!6天搞懂3年數學關鍵原理，跟著東大教授學，解題力大提升!,西成活裕,2020-02-06,"
出版即登日本亞馬遜數學排行榜No.1! 專為不擅長數學的你所設計的數學書，自學、教學、個人指導都好用! 應用數學專家帶你了解原理，6天不僅能學完3年國中數學， 更能鍛鍊出天天都用得到的邏輯力、思考耐力!...more
",https://www.books.com.tw/products/0010847958?loc=P_0003_039
40,學思達與師生對話：以學思達為外功、薩提爾為內力，讓教室成為沒有邊界的舞台,"郭進成,馬琇芬",2020-02-05,"
以學思達為外功、薩提爾為內力，   讓教室成為沒有邊界的舞台    李崇建、張輝誠專文推薦    學思達教學法 × 薩提爾對話，兩大教育心法最強實踐應用   為人師者的鍛鍊與精進之路，教師成長增能最佳實作指...more
",https://www.books.com.tw/products/0010848339?loc=P_0003_040
41,101道數學遊戲‧玩出聰明腦：挑戰你的極限!100+腦力全開的數學益智遊戲，考驗數理力、專注力和邏輯思考力!,葛瑞斯‧摩爾,2020-01-15,"
★ 亞馬遜讀者4.7顆星好評推薦   ★ 獨特又活潑的遊戲設定和主題插畫，大人小孩都能從中找到樂趣，新鮮感不斷   ★ 超過100道填空益智動腦遊戲，題型豐富，全方位培養數學腦   ★ 每道遊戲只需5分鐘，通勤、通...more
",https://www.books.com.tw/products/0010846111?loc=P_0003_041
42,Scratch 3.0程式設計好好玩：初學者感到安心的步驟式教學，培養邏輯思維，算數、遊戲、畫圖、配樂全都辦得到，英國DK出版社最新全球版,"克雷格．斯蒂爾,凱蘿．沃德曼,喬恩．伍德考克",2020-01-09,"
寫程式就像玩樂高一樣簡單又好玩! 扎根程式教育，從這一本開始 英國權威DK出版社開發的Scratch3.0全方位教學遊戲書 步驟最詳細、解說最到位 老師教案必備、親子共學最佳教材，自學者也能享受寫程式的樂趣!...more
",https://www.books.com.tw/products/0010845101?loc=P_0003_042
43,川島隆太教授的數理腦計算大全：1天1頁共366天，靠有趣的計算帶給大腦活力!,川島隆太,2020-01-01,"
★ 1天只要5分鐘，就能活化大腦、增進數理力   ★ 腦科學研究證實，快速進行單純數學運算，將能有效活化大腦前額葉   ★ 本書收錄366道題目共5000小題，只要每日持續解題，將提升思考力與腦活力   ★ 單純填入...more
",https://www.books.com.tw/products/0010843998?loc=P_0003_043
44,仙女老師的有溫度課堂：讓學生不想下課的教學和班級經營心法,余懷瑾,2019-11-30,"
體制內外教師與企業講師一致暖心好評推薦 TED×Taipei講者、榮耀無數的SUPER仙女老師，不藏私分享教學技巧與班級經營! 108課綱的素養該怎麼教?讓仙女把撇步教給你，學生上課精神百倍! 分明認真備了課，但上...more
",https://www.books.com.tw/products/0010840879?loc=P_0003_044
45,培養高自尊的對話練習：具體讚美與批評，不幫孩子貼標籤,"安戴爾．法柏,艾蓮．瑪茲利許",2019-11-06,"
自尊的養成，是童年與家長、老師互動中形成的 本書舉出各種具體實例，引導孩子紓解情緒、探索自我   ◎對話實例+簡潔條列重點+生動漫畫   ◎全球長銷數十年，最完整、最經典工具書   ◎榮獲天下雜誌、全國教...more
",https://www.books.com.tw/products/0010838667?loc=P_0003_045
46,數學，為什麼是現在這樣子?：一門不教公式，只講故事的數學課,安．魯尼,2019-11-02,"
推翻所有理所當然，數學的演變史比你想的還要漫長精采! 你知道為什麼大部分地區的人都是用阿拉伯數字嗎?你知道 在古代曾經被判定是不合法，不可以公開宣揚的祕密嗎? 另外，你知道如果把全世界的東西都變成...more
",https://www.books.com.tw/products/0010837389?loc=P_0003_046
47,學習革命的願景：學習共同體的設計與實踐,佐藤學,2019-10-30,"
實踐學習共同體的最佳入門書 讓佐藤學告訴你，如何跨出改革的第一步   你聽過，學習共同體能找回孩子的幸福   你知道改革必須從教室出發，從自身做起   但是，到底該怎麼做?做些什麼?   這本書可以讓你了...more
",https://www.books.com.tw/products/0010839166?loc=P_0003_047
48,我是說在座的各位爸媽--都是作文老師!,洪俊彥,2019-10-10,"
當孩子的作文啟蒙恩師!   9 個居家必備、親子共寫、教學兼教養   教作文也教做人的寫作練習   週記、說明書、作息時間檢核表、   計畫書、居家修繕/改善單、路線圖、   遊記、企劃書、心得   透過九種寫作...more
",https://www.books.com.tw/products/0010836445?loc=P_0003_048
49,用書脫魯的一生閱讀術,宋怡慧,2019-10-02,"
十二年國教課綱正式上路，   如何用閱讀培養核心素養、啟動自學能力?   宋怡慧老師爲你量身打造，用書為生命「脫魯」的三面二十力。   教改的洪流來勢洶洶，素養導向的學習趨勢成為主流，教學現場的教師以...more
",https://www.books.com.tw/products/0010835042?loc=P_0003_049
50,教學力：深化素養學習的關鍵,藍偉瑩,2019-09-23,"
每一位對教育有所期待的校長或主任，都該買給校內老師的教師節禮物； 每一位想精進自身教學能力的老師，都值得精讀反芻並思索再三的案頭書。   「教師的教學教練」，也是第一線教師長期且堅定的陪伴者，  ...more
",https://www.books.com.tw/products/0010833900?loc=P_0003_050
51,合作課：從我到我們的團隊練習,吳緯中,2019-09-20,"
無論孩子未來想成為什麼、完成什麼，   他們終究會發現──不能沒有彼此!   24堂從「我」到「我們」的合作課，改寫孩子對「贏」的定義!   明日的世界不像一塊巨大的披薩，大家瓜分屬於自己的一塊；   比較像...more
",https://www.books.com.tw/products/0010834151?loc=P_0003_051
52,跨年級教學的實踐與眺望：小校教學創新,"張倫睿,李佩臻等,林素貞,梁雲霞,洪儷瑜",2019-09-18,"
因應國內少子化的現象，小校小班逐年增加，教育部國民及學前教育署委託相關單位研發混齡教學在國內推動之可行性，本書即是將跨年級教學專案在103~105學年度的實施經驗，以第一部分「實踐之路」的八篇文章...more
",https://www.books.com.tw/products/0010835039?loc=P_0003_052
53,課綱裡的科技輕鬆搞懂：15位資訊專業的父母親，以案例和說故事為國高中重新解構及釐清108科技領域課綱,資訊素養聯盟,2019-09-15,"
【全國第一本!解開108科技課綱的金鑰匙】 學AI究竟是要學什麼? 您知道「資訊素養」嗎? 如何更能生存在未來AI世代? 進入AI世代的全民科普書   【一本解決「如何閱讀科技」難題的好書】   AI教育的話題沸騰...more
",https://www.books.com.tw/products/0010833992?loc=P_0003_053
54,玩Brain Go學程式設計 培洛王子歷險記,陳良瑞,2019-09-01,"
本書係Brain Go系列教材第一冊，由國立彰化師範大學工學院師生與國中小科技教師群共同編輯。書中藉由主人翁培洛王子與夥伴駕駛搭載最新科技Brain Go的智能車，運用光感測器、超音波感測器、藍芽傳輸操控等...more
",https://www.books.com.tw/products/0010834794?loc=P_0003_054
55,藝數摺學：18堂從2D到3D的「摺紙數學課」，讓幾何從抽象變具體，發現數學的實用、趣味與美(對應108十二年國教新課綱),李政憲,2019-08-31,"
【第一本搭配台灣十二年國教108新課綱的數學摺紙學習書】 學幾何不必憑空想像、背公式， 全台最大線上數學摺紙共備社團「藝數摺學」創辦人、2019年師鐸獎得主李政憲老師 帶你實際動手做出一個個精采摺紙，...more
",https://www.books.com.tw/products/0010831720?loc=P_0003_055
56,教室裡的對話練習：當學思達遇見薩提爾,"張輝誠,李崇建",2019-08-27,"
十二篇深刻的紙上對談 一本對自我內在說話的沉思之書   你是否曾在孩子身上看見過去的自己?   你看到眼前孩子心中的傷，想起了當年的自己，也曾如此受傷，   但現在你明白了，那是或許是成長必經的路，   ...more
",https://www.books.com.tw/products/0010831912?loc=P_0003_056
57,造舟裡的生命教育：七天打造一艘舟， 從主題式學習到團隊合作的靈魂修煉課,大沐老師,2019-06-10,"
造舟與海洋教育推手大沐老師， 帶領孩子七日造舟，齊心協力打造一艘船， 也帶孩子找到學習與生命的方向。   面對新時代所需的深度學習，   知識的累積已不再足夠，   親身體驗、動手做與團隊合作更能激盪...more
",https://www.books.com.tw/products/0010824601?loc=P_0003_057
58,溫美玉素養趴：從議題融入到跨科整合，用遊戲化任務啟動真學習,"溫美玉,王智琪",2019-05-30,"
面對108課綱上路，素養教學先行者溫美玉老師，不藏私再次分享!從議題融入到跨科整合，運用遊戲化任務思維，幫助孩子練就核心素養，啟動勇敢面對未來世界的真實學習!   素養教學先行者、「溫老師備課Party...more
",https://www.books.com.tw/products/0010823680?loc=P_0003_058
59,閱讀甜甜圈,呂嘉紋（紋紋阿桑）,2019-05-29,"
讓「閱讀」，   不再只是填寫一張張枯燥乏味的「心得記錄單」而已，   而是一趟又一趟充滿歡聲笑語的美麗旅行!   師鐸獎得主呂嘉紋(紋紋阿桑)在教育現場16年的寶貴經驗，設計出「閱讀甜甜圈」讀書會指導工...more
",https://www.books.com.tw/products/0010822616?loc=P_0003_059
60,聰明大百科 : 數學常識有GO讚!,許智庭,2019-05-03,"
跟著數學小老師一起解題去!   從生動活潑的故事中認識數學，   一場場充滿智力的挑戰即將展開!   誰是最完美的數字?   你真的會+、-、 ×、 ÷嗎?   12個月份的天數為什麼不一樣?   如何用拐杖測出金字塔的...more
",https://www.books.com.tw/products/0010821184?loc=P_0003_060
61,國語教學觀,何元亨,2019-05-01,"
《國語教學觀》─少年兒童出版──培養學生寫作、思考、討論、發表能力   國語文有六大學習能力指標：注音符號、聆聽、說話、識字與寫字、閱讀、寫作。國語課教學有兩條主要的軸線，分別是形式和內容深究，教...more
",https://www.books.com.tw/products/0010821243?loc=P_0003_061
62,數學臆測任務設計與實踐：整數、分數與小數篇,,2019-04-01,"
本書包含了二十一則有關整數、分數與小數的數學臆測教學模組，目的在發展學童的數學知識及培養十二年國教的核心素養。每個教學模組是融入數學臆測於學校使用的課本教學目標而設計的，經過課堂教學實踐、檢...more
",https://www.books.com.tw/products/0010820100?loc=P_0003_062
63,數學臆測任務設計與實踐：幾何量與統計篇,,2019-04-01,"
本書包含了十九則有關測量、幾何與統計的數學臆測教學模組，目的在發展學童的數學知識及培養十二年國教的核心素養。每個教學模組是融入數學臆測於學校使用的課本教學目標而設計的，經過課堂教學實踐、檢驗...more
",https://www.books.com.tw/products/0010822307?loc=P_0003_063
64,7個習慣教出優秀的孩子：教育現場篇：自我領導力教育的奇蹟,"史蒂芬．柯維,大衛．海契,妙麗．桑莫絲,西恩．柯維",2019-03-20,"
世界充滿機會與挑戰，孩子的未來無法預測，而他們身處的現在一旦逝去無法重來。幫助孩子做好面對未來的準備，你要怎麼掌握這唯一的機會?《與成功有約》柯維博士以7個習慣帶領你，為孩子打造領導力，讓孩子...more
",https://www.books.com.tw/products/0010817472?loc=P_0003_064
65,生活科技這堂課：實作課程怎麼教、如何學，一本搞定!,趙珩宇,2019-02-24,"
★學生必修，老師必看!科技領域第一線教師聯合推薦   ★第一本專為12年國教撰寫的生活科技全方位實作教學書   ★學生自學、親子共學最佳指南，也是最佳教學參考    12年國教上路，「生活科技」納入國高中必修...more
",https://www.books.com.tw/products/0010814163?loc=P_0003_065
66,越玩越聰明的數學遊戲 1,吳長順,2019-01-01,"
你也想脫離滑世代一族嗎?等公車、排熱門餐廳不滑手機實在太無聊?其實只要一本數學遊戲書就可以打發你的零碎時間!   《越玩越聰明的數學遊戲》開本大小不僅能一手掌握，豐富題型更任由你挑，就買一本數學遊...more
",https://www.books.com.tw/products/0010807599?loc=P_0003_066
67,數位時代的學與教：給教師的建議30講,王緒溢,2019-01-01,"
當數位科技進入教室後，教學可以有什麼不一樣?   優秀課堂的營造，需要清晰的思路導引，加上一點一滴的實踐積累，才能為學生學習開啟創新的可能。   本書以「少才是多.無才能有.慢才會快」的數位科技融入...more
",https://www.books.com.tw/products/0010808279?loc=P_0003_067
68,自造力大爆發：Σ30=創客∞,新北市政府教育局,2018-12-26,"
Σ是總和，∞是無限 集結了30個精采自造實作案例+清楚完整的過程剖析 無限大的創意，將在你的腦內小宇宙爆發!   想像力，就是孩子的超能力!   讓知識與手作勞動緊密結合，並加入科技的元素，   孩子絕不只是...more
",https://www.books.com.tw/products/0010808498?loc=P_0003_068
69,Super教師的翻轉教室：讓每個孩子都發光,曾明騰,2018-10-03,"
「學生不是難教，是老師不會教!」   改變，要從源頭開始!   「Super教師全國首獎」，「【親子天下】百大創意教師」，   曾明騰老師公開自己所推動的理念，   如何實際實現在教育現場，與學生和家長之間的...more
",https://www.books.com.tw/products/0010799867?loc=P_0003_069
70,學校讓我們變笨嗎?為何教這個、為何學那個?──文豪托爾斯泰的學校革命實錄,列夫‧托爾斯泰,2018-08-30,"
為什麼大人離開學校後，不再學習? 為何他們不閱讀這本或那本書? 超前一百五十年，俄國文豪托爾斯泰唯一闡述人性教育理念著作 臺灣首次出版  「關於我丟給大人的問題：為什麼他們離開學校後便不再學習?或是...more
",https://www.books.com.tw/products/0010796477?loc=P_0003_070
71,課後照顧活動與環境規劃,"Christine A. Schmidt,Linda J. Armstrong",2018-08-30,"
本書適合提供幼稚園至青春期早期兒童課後照顧課程的人士。幫助你思考你的課程環境如何影響孩子，並且提供策略，讓你建立一個孩子會一直回來的課程。不論你是幾乎沒有與孩子共事的經驗，或是已經在這個領域...more
",https://www.books.com.tw/products/0010797971?loc=P_0003_071
72,20個STEAM新視野：臺南創新教學典範,"臺南市政府教育局,親子天下整合傳播中心團隊",2018-08-14,"
AI時代，如何培養孩子科技搶不走的能力?   產官學研如何攜手，各領域專家如何合作，為孩子打造足以面對未來的新素養?   國內第一本整合「縣市經驗」與「教學歷程」的STEAM教育專書，   20個教學場域案例分...more
",https://www.books.com.tw/products/0010795889?loc=P_0003_072
73,讀寫棒棒堂(初階)：創意玩寫作,林美琴,2018-08-01,"
這是一個讓你愛上閱讀與寫作的機會! 美琴老師用豐富有趣的 22 堂課，讓你樂讀、能寫、想寫更會寫，涵養穩健的讀寫力!   如果你對作文教學的印象還停留在過去所謂的起、承、轉、合，又或是傳統觀念百煉成鋼...more
",https://www.books.com.tw/products/0010794178?loc=P_0003_073
74,家裡的森林小學5(二版),財團法人人本教育文教基金會,2018-08-01,"
家裡的森林小學5   每盒含4片光碟和一本親子手冊   是獨樹一幟的有聲書、是厚厚實實的好教材。   我們把森林小學二十多年來發展的創新教學，仔仔細細、密密實實地收錄在《家裡的森林小學》裡，讓所有的孩...more
",https://www.books.com.tw/products/0010797926?loc=P_0003_074
75,家裡的森林小學4(二版),財團法人人本教育文教基金會,2018-08-01,"
家裡的森林小學4   每盒含4片光碟和一本親子手冊   是獨樹一幟的有聲書、是厚厚實實的好教材。   我們把森林小學二十多年來發展的創新教學，仔仔細細、密密實實地收錄在《家裡的森林小學》裡，讓所有的孩...more
",https://www.books.com.tw/products/0010797930?loc=P_0003_075
76,家裡的森林小學3(二版),財團法人人本教育文教基金會,2018-08-01,"
家裡的森林小學3   每盒含4片光碟和一本親子手冊      是獨樹一幟的有聲書、是厚厚實實的好教材。   我們把森林小學二十多年來發展的創新教學，仔仔細細、密密實實地收錄在《家裡的森林小學》裡，讓所有的...more
",https://www.books.com.tw/products/0010797934?loc=P_0003_076
77,家裡的森林小學2(二版),財團法人人本教育文教基金會,2018-08-01,"
家裡的森林小學2   每盒含4片光碟和一本親子手冊   是獨樹一幟的有聲書、是厚厚實實的好教材。   我們把森林小學二十多年來發展的創新教學，仔仔細細、密密實實地收錄在《家裡的森林小學》裡，讓所有的孩...more
",https://www.books.com.tw/products/0010797954?loc=P_0003_077
78,家裡的森林小學1-5(二版),財團法人人本教育文教基金會,2018-08-01,"
每套5盒，內含20片CD、40個動人的故事、5本親子手冊   是獨樹一幟的有聲書、是厚厚實實的好教材。   我們把森林小學二十多年來發展的創新教學，仔仔細細、密密實實地收錄在《家裡的森林小學》裡，讓所有的...more
",https://www.books.com.tw/products/0010797957?loc=P_0003_078
79,家裡的森林小學1(二版),財團法人人本教育文教基金會,2018-08-01,"
家裡的森林小學1   每盒含4片光碟和一本親子手冊   是獨樹一幟的有聲書、是厚厚實實的好教材。   我們把森林小學二十多年來發展的創新教學，仔仔細細、密密實實地收錄在《家裡的森林小學》裡，讓所有的孩...more
",https://www.books.com.tw/products/0010797960?loc=P_0003_079
80,閱讀教學新思維：教出聽說讀寫力,花梅真,2018-07-01,"
這是一本教學工具書，讓關注教育的人士了解「落實理念的具體做法」以及「執行之後的顯著成果」，讓大家更有信心——微調做法，確實提升孩子的基本能力。      「成就每一個孩子──適性揚才、終身學習」此教育...more
",https://www.books.com.tw/products/0010790224?loc=P_0003_080
81,教出讀寫素養,劉佩雲,2018-07-01,"
閱讀是了解宇宙奧祕及開啟知識寶庫的鑰匙，寫作則是與世界溝通和表情達意的橋梁。因此讀寫素養不但是學習各種學科與知識的基礎，更是國民教育與國家競爭力的重要指標。   《教出讀寫素養》共分為「讀寫整...more
",https://www.books.com.tw/products/0010792952?loc=P_0003_081
82,兒童戲劇教育：童謠及故事的創意表現,林玫君,2018-07-01,"
以童謠及故事作為戲劇創作的藍圖而發展的戲劇教育教學實例書。   本書為兒童戲劇教育的進階課程。作者運用聲音故事與口述默劇等不同策略使故事戲劇化，內容上結合歌謠、童詩、繪本故事等兒童文學中各式文...more
",https://www.books.com.tw/products/0010791579?loc=P_0003_082
83,溫美玉社會趴：從知識領域到跨科整合，素養教學輕鬆上手!,"溫美玉,王智琪",2018-06-25,"
全台最大教師自主成立的專業教學社群，「溫老師備課Party」創立者溫美玉， 教你如何跳出框架，打造更實用、生活化的「社會科教學」! 多問一個問題，多講一個方法，多做一個活動， 從既有課程出發，素養教...more
",https://www.books.com.tw/products/0010790798?loc=P_0003_083
84,數學摺紙計畫：30個課程活動探索,"游森棚,湯瑪斯．赫爾",2018-06-06,"
數學權威湯瑪斯‧赫爾經典著作 探索摺紙的奧妙 品味數學之美   美國最受歡迎的新罕布夏學院數學夏令營，   每年精英備出，也是申請美國頂尖大學的強力籌碼。    新罕布夏學院數學夏令營名師，   西新英格蘭...more
",https://www.books.com.tw/products/0010788202?loc=P_0003_084
85,溫美玉老師的祕密武器：班級經營與寫作(二版),溫美玉,2018-06-01,"
◎學生與家長眼中的教學女神、魔法老師──溫美玉 ◎所有關於教學和班級經營的煩惱，都可以在這本書中獲得最佳解答! ◎教您如何用寫作來經營良善的師生關係，進而培養孩子們的寫作技巧及閱讀力!   苦於無法可循...more
",https://www.books.com.tw/products/0010788237?loc=P_0003_085
86,小學算術教什麼，怎麼教：家長須知，也是教師指南,阿哈羅尼,2018-05-31,"
這本書是你從新學好小學算術的起點， 也是你幫助孩子認識數學之美的契機。   小學算術是人生最重要的數學課，   你可以不懂微積分，   但你幾乎每天都會用到小學等級的算術，   然而，唯有了解算術的人， ...more
",https://www.books.com.tw/products/0010788692?loc=P_0003_086
87,聽說讀寫，有策略!(知識性文本)：國中,陳欣希,2018-05-12,"
●說明文的教學並不生硬—只要懂得運用結合生活經驗的知識性文本。 ●說明文的寫作也不困難—只要能跨領域地探索知識，深化學習深度。 ●說明文的課堂更不枯燥—只要掌握閱讀策略，必能激發共學的創意。   為什...more
",https://www.books.com.tw/products/0010786910?loc=P_0003_087
88,聽說讀寫，有策略!(知識性文本)：低年級,陳欣希,2018-05-12,"
●說明文的教學並不生硬—只要懂得運用結合生活經驗的知識性文本。 ●說明文的寫作也不困難—只要能跨領域地探索知識，深化學習深度。 ●說明文的課堂更不枯燥—只要掌握閱讀策略，必能激發共學的創意。   為什...more
",https://www.books.com.tw/products/0010786904?loc=P_0003_088
89,聽說讀寫，有策略!(知識性文本)：高年級,陳欣希,2018-05-12,"
●說明文的教學並不生硬—只要懂得運用結合生活經驗的知識性文本。   ●說明文的寫作也不困難—只要能跨領域地探索知識，深化學習深度。   ●說明文的課堂更不枯燥—只要掌握閱讀策略，必能激發共學的創意。   ...more
",https://www.books.com.tw/products/0010786907?loc=P_0003_089
90,聽說讀寫，有策略!(知識性文本)：中年級,陳欣希,2018-05-12,"
●說明文的教學並不生硬—只要懂得運用結合生活經驗的知識性文本。   ●說明文的寫作也不困難—只要能跨領域地探索知識，深化學習深度。   ●說明文的課堂更不枯燥—只要掌握閱讀策略，必能激發共學的創意。   ...more
",https://www.books.com.tw/products/0010786909?loc=P_0003_090
91,同學，你只是不想太累 那些最快最簡單的方法，為什麼救不了你的學習痛苦?,郭彥余,2018-05-08,"
在失控教育現場，目睹那些以「幫助孩子」為名的反作用力!   親愛的孩子們：有天當你必須離開校園&家庭的舒適圈，   迎接現實的種種考驗，世界仍能以你們為中心運轉嗎?   來自第一線教育工作者、一個台灣校...more
",https://www.books.com.tw/products/0010786346?loc=P_0003_091
92,國際學校老師這樣教,譚麗霞,2018-05-03,"
由香港國際學校及弘立書院前圖書館老師親撰 內容全面、詳盡‧表達直接、貼地‧舉例具體、實用   國際學校的學生為何較為有自信、好學與快樂?作者譚麗霞曾任職國際學校十八年，以其細膩的觀察和豐富的經驗，...more
",https://www.books.com.tw/products/0010871735?loc=P_0003_092
93,摺紙幾何學：60種特殊摺紙,前川淳,2018-04-03,"
摺紙×幾何學 享譽全球的摺紙數學 世界摺紙粉絲引頸期盼的經典作品集中文版!   以『前川定理』、『剛性摺疊』聞名世界的日本摺紙大師前川淳，   代表作品『惡魔』號稱眾人爭相模仿的摺紙界最強創作。   大...more
",https://www.books.com.tw/products/0010783266?loc=P_0003_093
94,為未來而教：葉丙成的 BTS 教育新思維(全新增訂版),葉丙成,2018-04-02,"
金石堂十大影響力好書 新增兩萬字論述，理論與實踐兼具。 翻轉教育，親師聯手出擊，顛覆成功新價值!   全新增訂寫給家長、老師、學生的20,000多字論述，深入探討新時代的教育觀、教養觀，以及如何在校園建...more
",https://www.books.com.tw/products/0010783078?loc=P_0003_094
95,成長性思維學習指南：幫助孩子達成目標，打造心態致勝的實戰教室,"安妮．布魯克,希瑟．韓德利",2018-03-09,"
思維訓練╳目標規劃╳精準練習   暢銷名作《心態致勝》進階實踐版，讓你不再紙上談兵   12個明確的學習目標，20個立即可用的學習單   一步步幫助教師與家長打造成長導向的學習環境   每月一個目標，培養孩子...more
",https://www.books.com.tw/products/0010780714?loc=P_0003_095
96,Fun輕鬆玩數學(3版),劉慧梅,2018-02-28,"
.配合九年一貫課程，適用一至六年級.   從遊戲中玩出數學力   ◎發展「數、量、形」的基本概念   ◎精熟運算能力，建構理解能力   ◎學習如何解決問題   數字抽鬼牌、質數心臟病、圖形大風吹、分數賓果……   ...more
",https://www.books.com.tw/products/0010780504?loc=P_0003_096
97,什麼這麼好笑?繪本職人的閱讀地圖3,賴嘉綾,2018-01-24,"
本書是「繪本職人的閱讀地圖」第三本，從第一本的動物主題到第二本的真實故事，吸引眾多讀者更加了解繪本、喜愛繪本，並視為大人閱讀清單必選。這本的創作原點是探索繪本中影響賴老師甚巨的一種本質──幽默...more
",https://www.books.com.tw/products/0010774997?loc=P_0003_097
98,溫美玉數學趴：從思考表白到自己出題，用任務點燃數學力!,"溫美玉,王智琪",2018-01-16,"
全台最大教師自主成立的專業教學社群，「溫老師備課Party」創立者溫美玉， 從「讀寫教學」跨入「數學教學」的第一本書。   掌握孩子的認知心理發展歷程，善用教學輔具與實際操作，   課堂上大量讓孩子寫下...more
",https://www.books.com.tw/products/0010775858?loc=P_0003_098
99,學思達增能：張輝誠的創新教學心法,張輝誠,2018-01-05,"
全臺首位主動打開教室大門、學思達教學創始人張輝誠老師， 睽違兩年又一力作，務實親授「學思達」五大課堂心法! 講義製作力X問答設計力X主持引導力X對話統整力X班級經營力， 搭建五道教學增能之梯，協助每...more
",https://www.books.com.tw/products/0010774987?loc=P_0003_099
100,翻轉教室：理論、策略與實務,黃國禎,2018-01-02,"
這是全世界第一本結合教育理論、教學策略及應用實務的翻轉教學書籍。由翻轉教室的理念、教育目標的介紹開始，循序漸進地說明導入翻轉教室的原則、步驟、實施策略及平臺工具；同時，以各級學校、不同學科的...more
",https://www.books.com.tw/products/0010776578?loc=P_0003_100
101,英語教學有一套(國小進階)25本英文圖畫書輕鬆教,"張湘君,張甯亞,林葉真,汪仁雅,沈佩玲,翁欣妤,賴素卿,鄭茜文,鍾佳慧,鍾昌益,黃心怡",2017-12-01,"
這本《英語教學有一套：25 本英文圖畫書輕鬆教》(國小進階) 推薦給所有初接觸英文圖畫書孩子的家長和教師，也很適合小學高年級學生學習英語， 讓師長從英語教學菁英師資的智慧傳承中，找到最實用、最便捷...more
",https://www.books.com.tw/products/0010771795?loc=P_0003_001
102,放手後，教育才開始精彩：陪讀以外的在家教育生活樣貌,張碧如,2017-12-01,"
如果用一個名詞來代表我們這兩年在家教育的心得，我覺得「放手」應該是最恰當的了。不管在學習上、生活上、人際關係上，以及孩子的自我探索上，我似乎都在強迫自己要以更寬容、更信任、更有彈性的方式來放...more
",https://www.books.com.tw/products/0010772887?loc=P_0003_002
103,家裡的森林小學10(二版 ),財團法人人本教育文教基金會,2017-12-01,"
家裡的森林小學10   每盒含4片光碟和一本親子手冊   是獨樹一幟的有聲書、是厚厚實實的好教材。   我們把森林小學二十多年來發展的創新教學，仔仔細細、密密實實地收錄在《家裡的森林小學》裡，讓所有的孩...more
",https://www.books.com.tw/products/0010794402?loc=P_0003_003
104,家裡的森林小學9(二版),財團法人人本教育文教基金會,2017-12-01,"
家裡的森林小學9   每盒含4片光碟和一本親子手冊   是獨樹一幟的有聲書、是厚厚實實的好教材。   我們把森林小學二十多年來發展的創新教學，仔仔細細、密密實實地收錄在《家裡的森林小學》裡，讓所有的孩...more
",https://www.books.com.tw/products/0010794403?loc=P_0003_004
105,家裡的森林小學8(二版),財團法人人本教育文教基金會,2017-12-01,"
家裡的森林小學8   每盒含4片光碟和一本親子手冊   是獨樹一幟的有聲書、是厚厚實實的好教材。   我們把森林小學二十多年來發展的創新教學，仔仔細細、密密實實地收錄在《家裡的森林小學》裡，讓所有的孩...more
",https://www.books.com.tw/products/0010794405?loc=P_0003_005
106,家裡的森林小學7(二版),財團法人人本教育文教基金會,2017-12-01,"
家裡的森林小學7   每盒含4片光碟和一本親子手冊   是獨樹一幟的有聲書、是厚厚實實的好教材。   我們把森林小學二十多年來發展的創新教學，仔仔細細、密密實實地收錄在《家裡的森林小學》裡，讓所有的孩...more
",https://www.books.com.tw/products/0010794407?loc=P_0003_006
107,家裡的森林小學6(二版),財團法人人本教育文教基金會,2017-12-01,"
家裡的森林小學6   每盒含4片光碟和一本親子手冊   是獨樹一幟的有聲書、是厚厚實實的好教材。   我們把森林小學二十多年來發展的創新教學，仔仔細細、密密實實地收錄在《家裡的森林小學》裡，讓所有的孩...more
",https://www.books.com.tw/products/0010794412?loc=P_0003_007
108,教出閱讀力(2017年暢銷增修版),柯華葳,2017-11-29,"
看到書本不逃跑，走進文字的奇趣世界， 營造「閱讀型家庭」， 帶著孩子學會「讀」!   讓閱讀陪伴學習，   《教出閱讀力》，傳授孩子親近閱讀的祕訣!   長銷10年的「閱讀力」學習指南，2017年與時俱進增修...more
",https://www.books.com.tw/products/0010771556?loc=P_0003_008
109,新世代的創新學習模式：互聯網+PBL理論與實施策略,林奇賢,2017-10-01,"
此刻，臺灣中小學即將實施新課綱，中國大陸也正積極推動教育改革與教育現代化工程，因此，兩岸中小學教師都必須具備 Project-based Learning(PBL) 的課程設計與實施之專業能力。目前相關的培訓工作坊雖多...more
",https://www.books.com.tw/products/0010766976?loc=P_0003_009
110,班級經營：理論與實務(4版),吳明隆,2017-09-25,"
《班級經營：理論與實務》一書乃呼應新世代教育革新趨勢、社會整體發展脈動、開放教育與學生為主體的革新精神，因應新時代教師班級經營所需的知能與實踐策略。內容涵蓋理論探索、趨勢發展與策略實踐三大部...more
",https://www.books.com.tw/products/0010767361?loc=P_0003_010
111,作文引力：葛琦霞的新腦洞大開寫作課,葛琦霞,2017-09-16,"
專為指導國小低、中、高年級教師所設計的創意寫作教學指引!   寫作文，很有趣、很簡單! 每個孩子都是文字創意大師， 透過閱讀繪本、散文、小說等文學作品， 腦中的無限靈感將盡情揮灑馳騁!   為了提升現今...more
",https://www.books.com.tw/products/0010764540?loc=P_0003_011
112,上作文課了!：作文教學妙招大公開(二版),林美琴,2017-09-16,"
「靈感」就像是《哈利波特》書中魁地奇比賽的金探子，大夥兒騎著飛天掃帚上天下地，也不知道它何時會出現，即使曾有短暫現蹤，卻眼睜睜看著它一溜煙不見或在眼前快速跳躍，不知如何捕捉……   《上作文課了!...more
",https://www.books.com.tw/products/0010764531?loc=P_0003_012
113,小一，你好!：笑傲班級二部曲(二版),林玫伶,2017-09-16,"
面對小一不慌張，笑傲班級好簡單!   指引教師如何成功、有效地經營低年級班!   新生家長如何與教師合作無間，愛對方法!   本書按照時間順序，從開學前、開學日、學期中到放假，鉅細靡遺地列出小一教師會面...more
",https://www.books.com.tw/products/0010764532?loc=P_0003_013
114,語文桌遊自造課(附注音符號桌遊卡),賴秋江,2017-09-01,"
撿紅點、心臟病、接龍……也能學語文，   全班師生投入語文桌遊，學習效果加倍，教室氣氛High翻!   發揮創意，滿足孩子在語文學習、美力培養與科技應用上的需要!   撲克牌是大家再熟悉不過的休閒遊戲，更是...more
",https://www.books.com.tw/products/0010762590?loc=P_0003_014
115,國中三年樂學習,牧語軒,2017-09-01,"
此商品為 新國中三年輕鬆讀 革新版    國中三年，正值青春期的階段，身心正快速發展，又初次面臨升學的挑戰，在茫茫書海當中摸索自我，惶惑不安，最需要父母的陪伴與指引。而身為父母，無不盼望孩子活得健...more
",https://www.books.com.tw/products/0010762670?loc=P_0003_015
116,50則非知不可的數學概念(2版),湯尼‧克立,2017-08-28,"
是誰發明了0?   為什麼一分鐘是60秒?   無限大有多大?   平行線在哪裡相交?   蝴蝶的翅膀是否真的能造成世界另一端的風暴?   在《50則非知不可的數學概念》中，湯尼‧克立教授用50篇簡單清楚的文章告訴您50...more
",https://www.books.com.tw/products/0010762969?loc=P_0003_016
117,FunSTEAM玩轉教育,玩轉教育編輯群,2017-08-02,"
玩轉教育雜誌(FunSTEAM)集合各方面專家STEAM教學經驗，給予後繼者創新發想參考，更期望能帶起玩轉教育風氣，在既有的教育管道上提供有趣、多元的學習資源。 本書特色   1.內容取材自國內教師所研發的創客...more
",https://www.books.com.tw/products/0010760965?loc=P_0003_017
118,音樂可以這樣玩,蘇珊,2017-08-01,"
音樂可以怎麼玩?怎樣和孩子一起玩音樂? 24首音樂特質強烈的獨創樂曲， 39個音樂遊戲，13個活動影片範例與QA， 在家在園也能跟孩子一起玩音樂，一同感受音樂的美好!   在幼兒園新課綱「美感領域」中，音樂...more
",https://www.books.com.tw/products/0010759766?loc=P_0003_018
119,英語教學有一套(國小基礎)：25本英文圖畫書輕鬆教,張湘君等11人,2017-08-01,"
這本《英語教學有一套：25 本英文圖畫書輕鬆教》(國小基礎) 推薦給所有初接觸英文圖畫書孩子的家長和教師，也很適合小學中低年級學生學習英語， 讓師長從英語教學菁英師資的智慧傳承中，找到最實用、最便...more
",https://www.books.com.tw/products/0010759778?loc=P_0003_019
120,漾~智造特色：朝向高中國文多元選修課程之理論與實務,"宋怡慧,張馨云,歐陽宜璋,顧蕙倩,黃琇苓",2017-07-25,"
這本書是為十二年國民基本教育課程綱要中，高中多元選修的設計者而寫，也獻給國文科之外，跨科合作的所有夥伴，更要獻給未來投入教育工作的朋友。   推薦本書給所有高中多元選修課程的任課教師，相信此書...more
",https://www.books.com.tw/products/0010760051?loc=P_0003_020
121,課程改革2016回顧與展望,"中華民國課程與教學學會,歐用生",2017-07-25,"
臺灣課程與教學改革的多元呼聲，數十年來不絕於耳。萬花筒般的政策規範與草根迴響，令人眼花撩亂。種種呼聲與迴響，能否帶來更多研究理想的實現、促進現場教育人員的專業成長，或者社會大眾的信賴肯定，在...more
",https://www.books.com.tw/products/0010762539?loc=P_0003_021
122,教得少學更多：孩子學英文，這樣開始!讓有興趣的聽和讀，激發能活用的說與寫,陳超明,2017-07-06,"
英語學習的觀念革命! 所有想學好英文的大人、重視孩子英語學習成效的師長， 都不應忽視翻轉6縣市英語教學成效，背後重要推手陳超明教授， 主張「教得少，學更多」背後的新理念。 聽、說、讀、寫分層剖析，...more
",https://www.books.com.tw/products/0010757761?loc=P_0003_022
123,語文教學最前線,徐美珍,2017-07-05,"
★這是一本讓教師、讓家長回到「教育初心」的思辨之書!   31個教學現場的情境，讓你我一起深思——   在十二年國教講求素養導向的時代，如何看見學生本質而助其適性揚才?   聽、說、讀、寫的語文基礎能力，如...more
",https://www.books.com.tw/products/0010757073?loc=P_0003_023
124,設計思考：從教育開始的破框思維(特別加贈IDEO授權【教育工作者的設計思考實踐手冊】繁體中文版),"《親子天下》編輯部,DFC台灣團隊,台大創新設計學院",2017-05-02,"
如何幫助孩子奠定設計思考思維?老師如何讓自己成為課堂裡的教學設計師?   第一本針對教育教學現場而寫的設計思考書籍，   1+1超值套書，為你的教學創意加值，開啟校園裡的教育創新能量。   親赴美國灣區與...more
",https://www.books.com.tw/products/0010751049?loc=P_0003_024
125,聽說讀寫，有策略!(國中)：讀本、學習筆記,陳欣希,2017-04-15,"
為什麼我們的孩子只練習讀寫而忽略聽說能力的訓練?為什麼大部分的學生習慣單向接收訊息而忘了覺察問題?   《聽說讀寫，有策略!》這套叢書的設計，正是以引導學生更有能力去發現問題、並探究學習的方法與策...more
",https://www.books.com.tw/products/0010749569?loc=P_0003_025
126,聽說讀寫，有策略!(低年級)：讀本、學習筆記,陳欣希,2017-04-15,"
為什麼我們的孩子只練習讀寫而忽略聽說能力的訓練?為什麼大部分的學生習慣單向接收訊息而忘了覺察問題?   《聽說讀寫，有策略!》這套叢書的設計，正是以引導學生更有能力去發現問題、並探究學習的方法與策...more
",https://www.books.com.tw/products/0010749549?loc=P_0003_026
127,聽說讀寫，有策略!(中年級)：讀本、學習筆記,陳欣希,2017-04-15,"
為什麼我們的孩子只練習讀寫而忽略聽說能力的訓練?為什麼大部分的學生習慣單向接收訊息而忘了覺察問題?   《聽說讀寫，有策略!》這套叢書的設計，正是以引導學生更有能力去發現問題、並探究學習的方法與策...more
",https://www.books.com.tw/products/0010749554?loc=P_0003_027
128,聽說讀寫，有策略!(高年級)：讀本、學習筆記,陳欣希,2017-04-15,"
為什麼我們的孩子只練習讀寫而忽略聽說能力的訓練?為什麼大部分的學生習慣單向接收訊息而忘了覺察問題?   《聽說讀寫，有策略!》這套叢書的設計，正是以引導學生更有能力去發現問題、並探究學習的方法與策...more
",https://www.books.com.tw/products/0010749562?loc=P_0003_028
129,數學思辨之旅：拆解國中數學，建立數學素養與能力,永野裕之,2017-04-05,"
為什麼要學數學? 反思、論證、練習與解題 跟著數學家探索世界   數學史、定義與公式解說、習題演練……   數學領域的價值與意義是什麼?   從現實到抽象，將文字化為數學語言。   數學素養的培養，從國中數學...more
",https://www.books.com.tw/products/0010747830?loc=P_0003_029
130,是真的嗎?：繪本職人的閱讀地圖2,賴嘉綾,2017-03-21,"
孩子閱讀繪本，可以從繪本的諸多題材中逐漸了解世界，進而確定自己的定位；   成人閱讀繪本，可以充實自己貧乏的知識缺口，對於社會議題也能以更清晰的眼光觀察論述。   被當成包裹寄到奶奶家的小女孩   ...more
",https://www.books.com.tw/products/0010745760?loc=P_0003_030
131,數學大觀念：從數字到微積分，全面理解數學的12大觀念,亞瑟‧班傑明,2017-03-09,"
班傑明教授在本書直接讓我們探索了「數學世界本身的趣味」。──賴以威 國中代數xy、高中三角函數sin cos到大學微積分， 這些你曾經學過，卻好陌生的數學， TED演講10,000,000爆高點閱率數學翻轉教育大師， ...more
",https://www.books.com.tw/products/0010745537?loc=P_0003_031
132,課程實驗：課綱爭議的出路,蔡清田,2017-01-25,"
本書內容，分為課程綱要的爭議、課程實驗之緒論、課程實驗之規劃、課程實驗之變革、課程實驗之發展、課程實驗之推廣、課程實驗評鑑與課程實驗之評議。   第一章課程實驗之緒論，包括課程綱要的爭議、課程...more
",https://www.books.com.tw/products/0010741739?loc=P_0003_032
133,溫美玉備課趴 2：閱讀理解與延伸寫作的五卡教學實錄,"溫美玉,王智琪",2017-01-18,"
全台最大專業教學社群「溫老師備課Party」創立者溫美玉，   獨創包含情緒、行動、性格、觀點與寫作的「五卡教學」，全面提升孩子的讀寫表達力!   傾囊相授閱讀理解7大心法、延伸寫作5大路徑，搭配5種不同...more
",https://www.books.com.tw/products/0010741620?loc=P_0003_033
134,溫美玉備課趴2與五卡寶盒(一書一卡套組)：【閱讀理解與延伸寫作的五卡教學實錄】+【情緒識別卡17 X人物行動卡18 X性格特質卡16 X我的觀點卡9 X六星級寫作卡6】,"溫美玉,王智琪",2017-01-18,"
【繼備課趴雙卡教學實錄+情緒寶盒】後，   【備課趴2五卡課堂實錄+五卡寶盒】第二彈強勢再推出，   讓你的教學更上層樓!     全台最大專業教學社群「溫老師備課Party」創立者溫美玉，   獨創包含情緒、行...more
",https://www.books.com.tw/products/0010741615?loc=P_0003_034
135,繪本的手作遊戲：步驟圖照教學，立即上手絶不失敗(二版),林美琴,2016-12-10,"
這是一本「進階版」的手製繪本教學書。內容分為三篇，第三篇為本次改版的新增內容，以時下最熱門的環保議題作為發想，運用手邊就能輕易取得的飲料盒、紙盒、提袋等素材，回收再利用訂製屬於自己的手作繪本...more
",https://www.books.com.tw/products/0010737597?loc=P_0003_035
136,馬偕的故事：「穿越淡水、走讀世遺」世界遺產國小低年級教材,林延霞,2016-12-08,"
為培養下一代珍惜與愛護淡水的文化遺產，我們邀請淡水地區國中小學教師及專家學者，規劃一系列淡水世界遺產教材。   國小從生活層面著手，介紹馬偕的故事，福佑宮、鄞山寺建築與漢人聚落的發展，淡水紅毛...more
",https://www.books.com.tw/products/0010738405?loc=P_0003_036
137,探訪淡水 廟宇建築：「穿越淡水、走讀世遺」世界遺產國小中年級教材,林延霞,2016-12-08,"
為培養下一代珍惜與愛護淡水的文化遺產，我們邀請淡水地區國中小學教師及專家學者，規劃一系列淡水世界遺產教材。   國小從生活層面著手，介紹馬偕的故事，福佑宮、鄞山寺建築與漢人聚落的發展，淡水紅毛...more
",https://www.books.com.tw/products/0010738410?loc=P_0003_037
138,西仔反 淡水戰役：「穿越淡水、走讀世遺」世界遺產國小高年級教材,林延霞,2016-12-08,"
為培養下一代珍惜與愛護淡水的文化遺產，我們邀請淡水地區國中小學教師及專家學者，規劃一系列淡水世界遺產教材。   國小從生活層面著手，介紹馬偕的故事，福佑宮、鄞山寺建築與漢人聚落的發展，淡水紅毛...more
",https://www.books.com.tw/products/0010738412?loc=P_0003_038
139,淡水世界遺產：「穿越淡水、走讀世遺」世界遺產國中教材,林延霞,2016-12-08,"
為培養下一代珍惜與愛護淡水的文化遺產，我們邀請淡水地區國中小學教師及專家學者，規劃一系列淡水世界遺產教材。   國小從生活層面著手，介紹馬偕的故事，福佑宮、鄞山寺建築與漢人聚落的發展，淡水紅毛...more
",https://www.books.com.tw/products/0010738415?loc=P_0003_039
140,不太乖世代：不是叛逆，更不是反骨，而是堅持乖乖做自己!,"蘇仰志,親子天下雜誌編輯群,陳慧婷",2016-11-18,"
在乖與不乖間，還存在著一百萬種選擇， 只有乖乖做自己，是唯一的堅持。 未來的教育該往哪裡走，才能包容光譜上的各種多元可能性?   什麼是乖?   什麼是不乖?   你曾經為了堅持自己的理想而「不太乖」嗎? ...more
",https://www.books.com.tw/products/0010734208?loc=P_0003_040
141,數學臆測任務設計與實踐,林碧珍,2016-11-01,"
本書包含了十七個數學臆測教學模組，不僅能建立學童的數學概念、數學關係與性質，而且能發展數學論證、推理、證明等高層次思考能力，更能培養學童的民主素養。每個教學模組都是我們將數學臆測融入課本的教...more
",https://www.books.com.tw/products/0010735213?loc=P_0003_041
142,圖解課程發展與設計,敬世龍,2016-10-25,"
課程發展與設計是教育的基礎，也是教育專業與永續的核心。教育工作者，尤其是校長、主任與教師更應具備課程發展與設計的理論知識，並輔以落實在教學層面貫徹的執行力，才能開創出具生命力的課程方案與教學...more
",https://www.books.com.tw/products/0010733392?loc=P_0003_042
143,3分鐘玩遊戲(100個依主題、學習程度的遊戲書),Jamie Wang,2016-10-21,"
100個依主題、學習程度撰寫的遊戲書! 從遊戲培養學習自信! 從遊戲營造溝通環境! 從遊戲學習團隊合作!   「3 分鐘玩遊戲」是專為兒童美語教學所設計的教學遊戲工具書，以 12 大兒美常見的日常生活教學主題...more
",https://www.books.com.tw/products/0010733184?loc=P_0003_043
144,明日教育,《親子天下》編輯部,2016-10-05,"
芬蘭X英美X日本X台灣 課綱改革 X 程式教育 X 適性學習 X 實驗教育 繼《翻轉教育》《翻轉教育2.0》後，另一橫跨國內外教育現場力作   統一課程、進度、教科書，用考試分發淘汰「不良品」的教育生產線，已然...more
",https://www.books.com.tw/products/0010730800?loc=P_0003_044
145,笑傲班級：班級經營實用祕笈(二版),林玫伶,2016-10-01,"
班級經營挑戰大，實用祕笈來幫你! 引導小學教師如何成功、自信地經營一個班級! 書中備有各項活動表單，使用方便、立即上手!   本書分為四單元：面對開學、生活常規、學習指導與親師合作，每個單元都針對教...more
",https://www.books.com.tw/products/0010729944?loc=P_0003_045
146,班級經營：理論知能與實務技巧,謝金青,2016-10-01,"
「班級經營」(class management)之理論知能，是一位教師角色扮演成功的基礎，班級經營的實務技巧，則是教師角色扮演成功的充份條件。   教師應該具備何種能力結構，應用何種班級經營策略，可以應用歸納與...more
",https://www.books.com.tw/products/0010744838?loc=P_0003_046
147,核心問題：開啟學生理解之門,"Grant Wiggins,Jay McTighe",2016-10-01,"
什麼是「核心問題」?核心問題和其他種類的問題有何不同?為何如此重要?為什麼在課程與教學中，應該設計和運用核心問題?      在組織課程內容形成教學單元時，核心問題能幫助教師鎖定重要標準，進而讓學生的...more
",https://www.books.com.tw/products/0010735204?loc=P_0003_047
148,翻轉教室的理論與實務,"吳明隆,潘奕叡",2016-09-01,"
在「翻轉」一詞漫天飛舞之際，到底何謂「翻轉」呢?「『翻轉教室』和『學思達』一樣嗎?」、「學生回家看影片，上課討論或寫作業就是翻轉嗎?」，又或者「到底有哪些工具和資源能協助翻轉呢?」，以及「非翻轉...more
",https://www.books.com.tw/products/0010727657?loc=P_0003_048
149,台灣教育的另一片天空：20年民間實驗教育的里程碑,果哲,2016-08-31,"
★ 包羅萬象的台灣教育改革專書，為過去二十年台灣實驗教育的最佳寫照。   ★ 系統性介紹台灣二十多個不同形態的實驗教育辦學機構、團體的實作經驗。   ★ 涵括最早創校體制外的實驗學校，一直到近年成立的民...more
",https://www.books.com.tw/products/0010726260?loc=P_0003_049
150,國中生手札,"林進材,林香河",2016-08-25,"
聰明人的週記法則，一年52週裡，記錄你的點點滴滴。   手寫週記本，讓您更能規劃自己的國中成長過程。    1.一本將學習要領掌握在手中的筆記；   2.一本可以直接記錄學習生活的專書；   3.一本可以記錄學...more
",https://www.books.com.tw/products/0010726545?loc=P_0003_050
151,國中生，加油!：寫給國中生的第一本書2(2版),"林進材,林香河",2016-08-25,"
本書的特色在於運用故事形式和啟示錄的方式，鼓勵所有的國中生，積極面對成長中的每一件事物。書中的內容包括「預見未來」、「教室得分」、「陽光青春」、「心靈捕手」篇，每一篇的內容提供國中生，正面積...more
",https://www.books.com.tw/products/0010726551?loc=P_0003_051
152,寫作有妙招 閱讀一把罩,陳麗雲,2016-07-11,"
這是一本讓「教」與「學」都變得生動又有效的書籍，收錄麗雲老師「以寫作為導向」的語文教學精髓。總共分成三大部分：教學理念篇(語文課，如何是好)、教學實務與設計篇(我這樣「玩」寫作)、教學實錄篇(我...more
",https://www.books.com.tw/products/0010720643?loc=P_0003_052
153,遊戲式學習：啟動自學X喜樂協作，一起玩中學!,侯惠澤,2016-07-06,"
「我說你聽」的講述法， 已不再是有效教學的唯一首選! 缺乏適當認知引導的討論與提問， 可能會讓學習者產生焦慮感!   孩子說，玩中學，讓我更想學!   遊戲式學習正當道，   帶出孩子主動學習、探索知識的...more
",https://www.books.com.tw/products/0010720724?loc=P_0003_053
154,繪本的讀寫遊戲,林美琴,2016-07-01,"
◎逐步引領學生從手作繪本愛上閱讀與寫作      本書從讀寫合一的角度發想，從硬體形式開發(手作繪本)到內容創作發想(從閱讀到實作)，展現了如何指導學生從手作繪本愛上閱讀與寫作的訣竅。每種手作繪本分為...more
",https://www.books.com.tw/products/0010720048?loc=P_0003_054
155,寫給國中生的第一本書：教孩子一生受用的130個智慧(四版),"林進材,林香河",2016-06-25,"
讀書要有高報酬率，學習高手這樣做~~   。考試高分的五要五不五心   。遠離菜英文的撇步   。唸書有如寫情書般的流暢   。校園生活繽紛多彩    本書的特色在於將國中階段可能面對的問題，以行事曆的方式呈...more
",https://www.books.com.tw/products/0010719903?loc=P_0003_055
156,學生創造力發展,"游閔喻,潘裕豐,莊惠文,蔡喬安,蔡淑君",2016-06-08,"
本書以學校的創造力教學活動與相關的因素為主，可以看見教室裡的創造力教學與活動研究，不但促進了教師對於教學的創新，同時也可增加學生創造力與相關能力與行為的學習與改變，學校裡的創造力教育是可以有...more
",https://www.books.com.tw/products/0010719667?loc=P_0003_056
157,溫美玉備課趴：情緒表達與寫作的雙卡教學實錄,溫美玉等,2016-06-07,"
攪動全台教學現場，夯到中國、新加坡的情緒卡、性格卡教學全蒐羅 教學現場一本通，從親師溝通、班級經營、繪本閱讀到各式文體教學 教學名師溫美玉x情緒專家楊俐容﹦搭造辨識情緒、讀寫合一的鷹架   「讀完...more
",https://www.books.com.tw/products/0010717723?loc=P_0003_057
158,野學：探索，在路上,徐匯野學,2016-06-07,"
跳脫舒適圈，面對著變化萬千的大自然， 才知道真實的感受是多麼可貴且重要。 對孩子是如此，對大人們也是。   全國唯一的私立純男校—徐匯中學，從國中部到高中部，從身高未滿150公分的小國一到190公分的高...more
",https://www.books.com.tw/products/0010718127?loc=P_0003_058
159,我的草根翻轉：MAPS教學法,王政忠,2016-05-03,"
1999年，921大地震，一句「老師，你會不會回來」， 讓曾決定要離開偏鄉的教師王政忠，繼續留在南投縣爽文國中。 17年過去，如今爽中的孩子脫胎換骨，成為教育專家與夥伴口中的奇蹟。 2016年，王政忠傾囊相...more
",https://www.books.com.tw/products/0010714173?loc=P_0003_059
160,這樣，美嗎?美感教育在臺灣,"洪詠善,范信賢,阮凱利,黃祺惠",2016-05-01,"
本書《這樣，美嗎?美感教育在臺灣》係亞太地區美感教育研究室系列叢書之首冊。亞太地區美感教育研究室自103年成立以來，致力於彙整研析臺灣美感教育之圖像，展開課程實驗及評估美感教育影響力。本書主要集...more
",https://www.books.com.tw/products/0010728431?loc=P_0003_060
161,未來想過的生活：從13個教育現場、6張學習單、1篇作文，翻轉孩子的未來,林晉如,2016-04-13,"
這位小學老師不得了! 一份學習單，全台灣瘋傳了，你看過沒……   生命教育就該這樣做!   網路數百萬瘋狂轉貼的學習單   各大媒體爭相採訪的一群師生   讓大家不禁要問：未來你想過什麼樣的生活?   每月預算...more
",https://www.books.com.tw/products/0010711720?loc=P_0003_061
162,摺紙玩數學：日本摺紙大師的幾何學教育,芳賀和夫,2016-04-08,"
遊戲探索幾何   建構數學的三維世界   享譽全球的摺紙數學   在台第一本專書     附贈專用摺線色紙冊!      遊樂、藝術、科學的交點   新概念數學遊戲書      日本名師芳賀和夫開創的摺紙數學，   以趣味...more
",https://www.books.com.tw/products/0010711140?loc=P_0003_062
163,閱讀教學實戰策略(二版),蘿拉．羅伯,2016-04-05,"
◎師長必備閱讀教學操作指南 ◎新增導讀與班級讀書會實例，上手更快更容易!   面對小學與中學之間的課程鴻溝，是否總覺得焦慮無力?本書具體提出跨越與銜接的方法，一步步幫助孩子成為真正的閱讀高手!   作者...more
",https://www.books.com.tw/products/0010710685?loc=P_0003_063
164,動物們的讀書會：繪本職人的閱讀地圖,賴嘉綾,2016-03-09,"
因為繪本，我成為溫厚的人；因為繪本，我成為愛說笑話的人；因為繪本，我成為獨立思考的人。或許我原來就是這樣的人，但是繪本讓我找到我自己。    從身為母親陪伴小孩閱讀到成為一位致力推廣閱讀的繪本職...more
",https://www.books.com.tw/products/0010707874?loc=P_0003_064
165,讀書會75個心作戰,蒙瑟拉‧紗爾朵,2016-03-01,"
想知道如何引發孩童對「詩的世界」充滿熱情嗎?   想知道如何讓小一、小二的孩子找到故事中的關鍵角色?   想知道如何使七年級的學生重述閱讀文本的大意，並擬摘要嗎?   想知道如何讓高中生樂於與朋友分享最...more
",https://www.books.com.tw/products/0010707259?loc=P_0003_065
166,繪本有什麼了不起?(三版),林美琴,2016-03-01,"
繪本該怎麼看呢?研究兒童閱讀多年的林美琴老師，利用最真實的現場教學經驗，精闢分析多達100本的繪本，提供家長、老師多元運用繪本的妙方，精準掌握「看」繪本的技巧!     ●第一單元：「小繪本大世界」的...more
",https://www.books.com.tw/products/0010707251?loc=P_0003_066
167,小學生課堂筆記活用術：呂嘉紋的悅讀俱樂簿,呂嘉紋,2016-03-01,"
為何需要教小學生寫筆記?上閱讀課，把學生帶去圖書館，頂多發學習單或要求學生交幾百字的心得筆記就好，需要專課來教嗎?   「NO!NO!NO，代誌沒有這麼簡單!」鑽研筆記教學13年的呂嘉紋主任說，筆記教學有五...more
",https://www.books.com.tw/products/0010707263?loc=P_0003_067
168,溫美玉老師的祕密武器4：神奇三秒教,溫美玉,2016-02-01,"
◎語文教學達人溫美玉老師，「讀寫合一」祕密法寶大公開 ◎打破年級階段，以最簡單的文體特色分類貫串教材，三秒掌握教學亮點!   本書彙集統整溫美玉老師三十多篇「讀寫合一」國語教學設計案例，跨越年級與...more
",https://www.books.com.tw/products/0010704217?loc=P_0003_068
169,當校長的10個勇氣,李枝桃,2016-02-01,"
寫下教育史上的紀錄。   她讓兩所國中，徹底翻身。     李校長的10個勇氣：   ‧向全校師生道歉。   ‧拒絕家長不當要求。   ‧把家長會長變成家人、夥伴。   ‧敢於在報上針貶教育。   ‧堅持自己是全校學生的...more
",https://www.books.com.tw/products/0010704802?loc=P_0003_069
170,成為他自己：全人，給未來世代的教育烏托邦,劉若凡,2015-09-11,"
這本書是關於一所另類學校從誕生、崩解、到重生的故事。   也是關於一群大人與小孩，如何以生命和成長為代價，展開一場教育實驗的故事。   給學生 如果有所學校讓你做自己，你想成為怎樣的自己?   給老師 ...more
",https://www.books.com.tw/products/0010688088?loc=P_0003_070
171,分數之外的選擇：陳安儀的教育實驗手記,陳安儀,2015-09-03,"
「現代孟母」最真誠敢言的教育行動全紀錄 犀利觀察體制內、外學校教育差異，適性幫助孩子搭建發光舞台， 「勇氣媽咪」陳安儀，分享她陪伴孩子走過「轉換教育體制」的心路歷程。   如果，你曾思索是否該為...more
",https://www.books.com.tw/products/0010688430?loc=P_0003_071
172,晚餐後，幸福的數學時光,梁淑坤,2015-08-25,"
晚餐後，你和孩子在做什麼呢?   是一起看電視、各自做自己的事   還是把孩子送去補習班，等下課再接他回家……   從現在起，你有更好的選擇，和孩子一起享受幸福的、甜蜜的、美妙的數學時光。   這一刻，你...more
",https://www.books.com.tw/products/0010686890?loc=P_0003_072
173,非暴力溝通的翻轉教室：培養人際關係的九大能力,"維多利亞．哈德森,蘇拉．哈特",2015-08-01,"
學生可以自行化解人際衝突!   《非暴力溝通的翻轉教室》將班級經營推向嶄新的境界!傳統的管教方式僅是將教室內的攻擊性行為移轉到遊戲場或走廊上，無法根除行為背後的問題。本書帶領教育工作者跳脫傳統的...more
",https://www.books.com.tw/products/0010687605?loc=P_0003_073
174,如何讓孩子喜歡作文?：國小作文教學之探究,林惠真,2015-07-08,"
關於本書    市面上有關作文的書，絕大多數都是範文及針對高中化大學入學考試，如何拿高分的指導書籍。    本書則是著眼在孩子年幼時，如何引發他們寫作文的興趣。這是作者親身的體驗和實際教學心得的書。...more
",https://www.books.com.tw/products/0010681861?loc=P_0003_074
175,國民教育新視野：借鑑、蛻變與創新,溫明麗,2015-07-01,"
本專書所收錄的八篇文章，從目前最「發燒話題」(hot topic)的 12 年國民基本教育及中小學教師評鑑，到臺灣新住民母語、教師回應學生多元文化之差異，乃至於中輟生的議題等均扣緊國民教育的「借鑑、蛻變與...more
",https://www.books.com.tw/products/0010689342?loc=P_0003_075
176,葉丙成+張輝誠 翻轉套書(附DVD),"張輝誠,葉丙成",2015-05-06,"
這是一股由下而上、自主的翻轉教育思潮! 看國內兩大重要推手，如何勇於挑戰現況、突破成見與框架 不僅走出了一條屬於台灣本土的創新教育，更讓全球驚豔。   2015年你最不容忽視的教育套書!   本套書包含：...more
",https://www.books.com.tw/products/0010673138?loc=P_0003_076
177,學‧思‧達：張輝誠的翻轉實踐,張輝誠,2015-05-06,"
第一位主動打開教室大門，歡迎任何人前往觀課的高中國文教師張輝誠， 首度完整披露【學思達教學法】醞釀歷程與價值理念， 從觀念、做法、工具到案例，引導傳統教師轉型為【學習設計師】， 培養具備【自學...more
",https://www.books.com.tw/products/0010673227?loc=P_0003_077
178,圖解你該知道的十二年國教(2015修訂版),吳武典,2015-03-12,"
十二年國教終於在103年上路，教育部預計75%的國中生可透過免試入學，25%的國中生可透過特色高中考試入學。但是初次會考之後，國文作文佔比問題、志願序選填問題、各縣市的教育局舉棋不定的規章，搞得學生...more
",https://www.books.com.tw/products/0010667436?loc=P_0003_078
179,一年級ㄅㄆㄇ故事寫手：我手寫我口,溫美玉,2015-02-06,"
◎語文教學達人 溫美玉老師閱讀教學 第三部──小學一年級寫作祕笈大公開。   本書將打破你對於小學一年級需要學會「注音符號」才能寫作的迷思。溫老師說「注音符號」只是一種將思想轉化為文字的工具。「知識...more
",https://www.books.com.tw/products/0010665257?loc=P_0003_079
180,十二年國民基本教育專業支持：國民教育輔導團的理念與實踐,"張素貞,李俊湖,李玟燕 等,王立杰,高鴻怡",2015-01-01,"
本書集結101-103年獲獎卓越團隊之實務推廣經驗,內容分為「國民教育輔導團之理念與實務」與「國民教育輔導團卓越團隊案例」兩大主軸,也呈現從101年至103年度七個學習領域13個獲卓越團隊獎項之案例。...more
",https://www.books.com.tw/products/0010670477?loc=P_0003_080
181,專題研究動手做：如何指導小學生做研究(全新版)二版,許慧貞,2014-12-01,"
「自主學習」從小培養； 簡單步驟、具體建議， 讓你知道如何陪伴小學生做「專題研究」。   隨著十二年國教課程開展，「專題研究」成為教師陪伴學生進行獨立思考及團隊學習的最佳教學選擇。本書作者針對專...more
",https://www.books.com.tw/products/0010656993?loc=P_0003_081
182,教改休兵，不要鬧了!,李家同,2014-11-25,"
教改到底從哪一年開始的，一般說起來應該是民國83年。當時的四大訴求是：   (1)落實小班小校   (2)廣設高中大學   (3)推動教育現代化   (4)制定教育基本法   對照如今，我們可以說，四一○教改的四大訴求是...more
",https://www.books.com.tw/products/0010656923?loc=P_0003_082
183,全能遊戲王(加贈遊戲教學DVD),師德出版部,2014-11-01,"
★101個最 FUN 的英語課堂遊戲!隨書附贈「遊戲教學DVD」   ★單字、聽與說、閱讀、寫作 教學活動一本全搞定!分篇章方便使用，讓您輕鬆運用。   本書收錄的教學遊戲，不僅按照英語學習最重要的聽說讀寫技能分...more
",https://www.books.com.tw/products/0010656413?loc=P_0003_083
184,說來聽聽：兒童、閱讀與討論 (三版),艾登‧錢伯斯,2014-10-04,"
本書特色：   ◎ 推廣兒童閱讀活動必讀的實用指南。   ◎ 特別收錄班級讀書會實例，讓讀者輕鬆了解閱讀討論的意義和脈絡。   本書是英國卡內基文學獎得主艾登•錢伯斯所執筆，專為推廣兒童閱讀活動所寫的實用...more
",https://www.books.com.tw/products/0010651460?loc=P_0003_084
185,適性教育在人文：一所「另類教育」的學校,陳清枝,2014-09-01,"
◎十二年國教的路上，另一種教育的新選擇，讓您及孩子做自己的教育部長。 ◎一所「另類教育」的學校──「人文國中小」十多年的教育實踐分享。 本書特色   民國九十二年宜蘭縣公辦民營人文國中小──臺灣第一間...more
",https://www.books.com.tw/products/0010647863?loc=P_0003_085
186,打造兒童閱讀環境(二版一刷),艾登．錢伯斯,2014-06-01,"
本書特色   ◎一本熱銷英語系國家二十年兼具理論與實務的閱讀指導專書   ◎教師、圖書館員及家長必讀的閱讀推廣指南   ◎附錄含有臺南大學附設小學資深閱讀與寫作教師溫美玉與新北市板橋國小圖書館教師江福祐...more
",https://www.books.com.tw/products/0010637084?loc=P_0003_086
187,像海盜那樣教：讓教師脫胎換骨的海盜教學法,大衛．柏吉斯,2014-03-13,"
當今的社會需要有創新思想的教育工作者， 帶領教育之船，經過驚濤駭浪、瞬息萬變的現實大海，航向未知。 簡單地說，我們需要海盜，我們需要你。   海盜大膽而勇於冒險，航向未知的領域，沒有任何人能夠保...more
",https://www.books.com.tw/products/0010636265?loc=P_0003_087
188,白佛言作文教室：Being教與學,白佛言,2014-03-11,"
教與學是師生在教室情境直下的「教學自我、學習自我、發展自我」   文本做為教學教材的轉化歷程，使人成為觀察者和被觀察者，師生之間的對待關係，使人覺察一起「經驗自我」的歷史遺產。   德蕾莎修女的示...more
",https://www.books.com.tw/products/0010627739?loc=P_0003_088
189,師道,李枝桃,2014-03-03,"
一位敢對黑道嗆聲，   敢拒絕民代關說的國中校長。   師道，是她一生的追求，   但她已為「師道」二字，做了最佳詮釋!   不需名人推薦背書，數千名師生、家長都是她的推薦人。   超逾107個團體與個人，一...more
",https://www.books.com.tw/products/0010626929?loc=P_0003_089
190,教育資料集刊第61輯(2014/03)-2014年各國初等教育(含幼兒教育),國立教育資料館,2014-03-01,"
...more
",https://www.books.com.tw/products/0010636066?loc=P_0003_090
191,閱讀有妙招，教學馬上好,陳麗雲,2014-02-15,"
總覺得教學時數不夠用嗎?   本書提供七大理論創新思維，七大教學實戰祕笈，輔以課文與學生作品加以解釋，幫助您找到文本中最重要的教學點，從「教課文」到「教語文」，紮紮實實提升學生的語文力!...more
",https://www.books.com.tw/products/0010625125?loc=P_0003_091
192,教育政策論壇49(第十七卷第一期)2014/02,國立暨南國際大學,2014-02-01,"
...more
",https://www.books.com.tw/products/0010635341?loc=P_0003_092
193,我們五年級，全班寫小說：溫美玉老師的祕密武器2,溫美玉,2014-01-06,"
閱讀達人溫美玉老師最新的閱讀寫作祕笈 這次挑戰的是寫作最高難度——小說 培育小學生練得一身寫作的好本領   本書為作者長期閱讀與作文教學的經驗結晶，透過閱讀的方法，誘導學生從閱讀當中，自然養成素材...more
",https://www.books.com.tw/products/0010622275?loc=P_0003_093
194,翻轉教育：未來的學習，未來的學校，未來的孩子,何琦瑜、賓靜蓀、陳雅慧、《親子天下》編輯部 等著,2013-11-14,"
面對十二年國教，大免試時代，你的孩子究竟該學些什麼? 關心教育的父母和師長，一定要知道的關鍵趨勢! 掌握教育變革羅盤，預備四大關鍵能力 裝備新思維、新價值、新方法，成功邁向新學習時代~   翻轉你的...more
",https://www.books.com.tw/products/0010616860?loc=P_0003_094
195,十二年國教下的班級經營：十八項理論解說與事例印證,"陳威任,陳膺宇",2013-09-23,"
十二年國教實施後，少了「升學考試」的誘因，教師該如何引導學生努力進取?又該如何帶領學生實現十二年國教「培養公民素養」、「多元適性發展」、「確保學力品質」、「舒緩升學壓力」、「追求公平正義」，...more
",https://www.books.com.tw/products/0010611648?loc=P_0003_095
196,學習，動起來 3 日本：學習共同體,佐藤學,2013-08-08,"
2012年，日本東大榮譽教授佐藤學著作《學習的革命》，搶佔各大暢銷書排行榜   掀起全台教學現場轉型「學習共同體」的風潮   2013年，佐藤學更進一步分享「學習共同體」入門與實踐手冊   《親子天下》邀集...more
",https://www.books.com.tw/products/0010595265?loc=P_0003_096
197,12年國教：學習的革命,高至豪,2013-07-10,"
打破以往教育的迷思，讓孩子在正確的戰場上競爭! 十二年國教的精神--依學生的性向、興趣、能力、天賦或志願，進入學校就讀，期望做到讓每個孩子能主動學到自己想學的。 學習的革命--讓天賦不同的學生能夠...more
",https://www.books.com.tw/products/0010590968?loc=P_0003_097
198,遊戲點子王(超值加量版),Yi Hui Zappe,2013-07-10,"
全國第一本中英對照的遊戲書，讓孩子從此愛上英文   不只讓你很會玩 也讓你成為孩子王!   本書以上課流程規畫遊戲內容，且適用於不同程度、不同人數的班級，教師可以按照個別需求，彈性分配遊戲形態與時間...more
",https://www.books.com.tw/products/0010593479?loc=P_0003_098
199,橋樑書在寫作教學上的運用,黃春霞,2013-05-16,"
教學者應從孩子生活周遭的讀物、作品中取材，把從「橋樑書」發展到「新橋樑書」而帶入寫作中，寫作教學重新開展。   閱讀與寫作一直是國小語文教育最難面對的事項，因為閱讀是終身學習的基礎，而寫作是個...more
",https://www.books.com.tw/products/0010586984?loc=P_0003_099
200,樂動音符創意小點子：自製樂器的製作與設計(附音樂光碟),吳幸如、蘇孟苹,2013-05-10,"
透過節奏樂器來學習音樂   本書內容介紹自製樂器的方法，舉凡各種可以敲出聲音的用品，皆可作為打擊樂器的素材。例如：豆子放進瓶中，可充當「沙鈴」；將鐵筷與晒襪架組合成「風鈴」；塑膠蓋打洞後繫上鈴...more
",https://www.books.com.tw/products/0010586391?loc=P_0003_100
201,8號夢想教室,財團法人大坪教育基金會,2013-04-27,"
第一本多元智能創意教學實用書   8號夢想教室   培養從小學就迎向世界的熱血   不怕12年國教怎麼改，10年前就啟動的多元智能學習理念和實踐   101個創意亮點不藏私大公開，   點燃孩子的學習興趣，   讓每...more
",https://www.books.com.tw/products/0010583887?loc=P_0003_001
202,十二年國教贏戰手冊,林香河、林進材,2013-03-25,"
十二年國教將於民國103年起正式實施。當務之急，就是瞭解它、接受它、面對它以及準備它。本書的特色在於將十二年國教的內容，作簡單化、邏輯化、順序化的整理，蒐集相關高中職、職業學校等入學資料，提供...more
",https://www.books.com.tw/products/0010580389?loc=P_0003_002
203,圖解你該知道的十二年國教,吳武典,2013-01-31,"
台灣教育部公布在103年開始實施十二年國教，預計75%的國中生可透過免試入學，25%的國中生可透過特色高中考試入學。「十二年國教」將使台灣的教育走向一個新的里程碑，但是一大堆章程、規法，搞得學生、家...more
",https://www.books.com.tw/products/0010574037?loc=P_0003_003
204,藉題發揮 得意忘形,葉東進,2013-01-12,"
「藉題發揮」是指：   教師如果能夠藉著幾個問題的提出、解決及拓廣，統合學生學過的知識，帶領他們探索解題的可能方法，並讓他們嘗試著從問題的「結論」中進一步地去聯想，猜想可能的推展，習得如何理出...more
",https://www.books.com.tw/products/0010573752?loc=P_0003_004
205,十二年國教教戰秘笈：校園達人就是你,陳麗雯,2012-12-12,"
為能讓家長或民眾容易切入生硬的校園之中，有效保障孩子的受教權，作者本於多年參與家長會及家長團體運作的經驗，並基於原有的法律專業，特別以「家長」及「孩子」的角度，深入淺出的探討現今最讓人關心的...more
",https://www.books.com.tw/products/0010571037?loc=P_0003_005
206,凝聚家庭力量的超人氣遊戲王,羅婷婷,2012-12-10,"
家庭的溫暖和樂本就俯拾即是!   即使環境不景氣，人們依舊有權享受幸福，擁有溫馨的家!   本書所需的遊戲材料唾手可得，甚至可以不花任何成本，真誠地希望這本書能為世界上每個家庭帶來快樂與幸福。   醫...more
",https://www.books.com.tw/products/0010568886?loc=P_0003_006
207,魔法學堂開賣啦!,卓憶嵐,2012-12-01,"
作者著眼於數位科技及學生多元化智能發展，凝聚十多年教學的心血結晶，為教師及學生寫成這本國文創意魔法教學。   她說，學生在哪裡，她就在哪裡。了解學生流行什麼，便將這流行放到教學課程中。因此通篇...more
",https://www.books.com.tw/products/0010567362?loc=P_0003_007
208,閱讀，動起來4：閱讀策略，可以輕鬆玩 : 台北VS.香港 一課兩教,柯華葳、林玫伶、葉煥婷,2012-11-30,"
一課兩教的教學現場， 85%的孩子，記得一周前的上課內容並學以致用…… 「我記得老師教我們要怎麼讀劇本、猜人物、畫關係圖和寫劇本」 「校長教我們讀一讀會停頓的地方、在旁做記號，之後再去多讀幾遍，可能...more
",https://www.books.com.tw/products/0010566686?loc=P_0003_008
209,最具人氣的家庭遊戲王,羅婷婷,2012-11-07,"
只要一張白紙、一個玻璃杯、一些清水，天花板就能看見彩虹。   原來加點甘油，肥皂泡泡就可以持久不破。   家庭裡最有價值的財富就是緊密的情感。   輕鬆小把戲，無限大歡樂。   哪裡有孩子，哪裡就有遊戲...more
",https://www.books.com.tw/products/0010564614?loc=P_0003_009
210,教育理想國：如何善用媒體、科技與創意，讓每個孩子都愛上學,陳明德,2012-11-02,"
媒體與科技如何能替教育帶來創新?   如何教孩子解決真實的問題?   知名教育創新網站「教育理想國」的精彩案例與理念分享   獻給每個想改善教育的人   二十一世紀的學習應該和真實生活結合!   我們多數人上...more
",https://www.books.com.tw/products/0010564110?loc=P_0003_010
211,十二年國教，孩子這樣提升多元學力,牧語軒,2012-09-28,"
執教二十七年，以「國中生教養和讀書法」為題演講超過八百場， 學校、家長、學生齊聲按讚的牧老師， 陪您解決十二年國教的疑惑和問題!   學生和家長的救星，帶你安心、放心、開心的因應十二年國教!   管它...more
",https://www.books.com.tw/products/0010559149?loc=P_0003_011
212,飛向閱讀的王國(二版),瑞琦．路德曼,2012-09-22,"
瑞琦.路德曼認為閱讀的重點在於衍生意義。作者透過文字傳遞意義與想法，而身為閱讀者的我們除了「讀懂作者的文字」以外，更重要的就是必須透過思考、討論，去探索作者傳遞的意義，以達到真正的閱讀理解。...more
",https://www.books.com.tw/products/0010560042?loc=P_0003_012
213,學習，動起來 2 上海：思考、提問、表達的學習,許芳菊,2012-09-21,"
學習， 積極與國際較量!   走訪上海教改第一現場才發現，在這裡看到的不僅僅是上海本身，而是整個世界舞台。   上海一直積極與國際接軌，努力的把自己放在國際的座標上跟全世界較量。   上海領先大陸其他...more
",https://www.books.com.tw/products/0010559266?loc=P_0003_013
214,學習，動起來 1 英國：創造力的學習,陳雅慧,2012-09-21,"
學習，可以這麼好玩!   1990年代末期，英國中學生成績持續惡化，   1997年起，英國人試圖用「創造力」改革教育，   不增加新科目和新課程，反而把藝術家送進校園，他們想改變什麼?   上課模式超越講光抄，...more
",https://www.books.com.tw/products/0010559269?loc=P_0003_014
215,小學生諮商,邱珍琬,2012-09-13,"
本書是呼應目前國小輔導工作而撰寫，教育部自2012年開始，以課徵國小教師的所得稅來貼補各校專任輔導教師之設置，讓校園心理衛生工作可以更順利開展與進行。作者在社區與大學擔任輔導工作，其實都有一些共...more
",https://www.books.com.tw/products/0010565411?loc=P_0003_015
216,童心協力，翻轉地球：當人們抱怨世界時，這些孩子正在改變世界!,黛菲卡．蘭卡查理,2012-09-05,"
20個因小願望而改變大世界的真實故事。 小數點革命，無限大力量!聽過的人都想起立鼓掌! 由屢獲大獎的印度兒童文學作家Dr. Devika Rangachari忠實呈現。   上天給的資源或許不一樣多，但是給的能力、力量卻...more
",https://www.books.com.tw/products/0010557145?loc=P_0003_016
217,寫作的秘密,辜振豐,2012-08-20,"
●大仲馬聘請多位助理，創造「小說工廠」!   ●巴爾札克只花了六個月，完成《高老頭》!   ●馬克吐溫也開過出版社!   ●萊辛辭掉工作，改行寫小說!   ●經濟學博士利考克，以幽默小說馳名世界!   ●星新一挑戰《...more
",https://www.books.com.tw/products/0010555379?loc=P_0003_017
218,白佛言閱讀與寫作教室(下冊)：Be-tween這樣幸福,白佛言,2012-08-19,"
如果把任何文本轉化為教學教材，帶入教學現場中。我們開始有機會和學生一起「自我經驗」文本的模擬現場世界，跟著主角人物經歷生活、思考生活、體驗人生課題。   這會在個人教學、學習的生命史上留下深刻...more
",https://www.books.com.tw/products/0010554371?loc=P_0003_018
219,說故事的神奇教養力,王擎天,2012-08-15,"
一起讀、一起分享的48個小故事，   瞬間拉近親子距離!   故事話匣子+教養透視鏡+名言佳句小學堂   =啟動孩子的驚人潛力   從說故事開始，向孩子傳遞深刻教養力!   對孩子而言，他們要的不是多華麗、多美的...more
",https://www.books.com.tw/products/0010555645?loc=P_0003_019
220,最美的教室,黃振裕,2012-08-09,"
看一個堅持生活美學的老師，如何取材於大自然，   從美化教室開始，一點一滴與學生合力造出理想的美麗景觀。   他從教室周遭的角落、閒置用地開始，   和學生共同揮汗下土，胼手胝足，   親手打造花圃，欣...more
",https://www.books.com.tw/products/0010553376?loc=P_0003_020
221,用五感學習：那一年，我到學校學種菜,川上康介,2012-08-09,"
再徬徨的心靈也能在田畦裡的五感學習中找到勇氣和方向   在欣賞、嗅聞與觸摸等五感察覺中，   每天進步一點點，   有一天會發現自己信心滿滿……   從這所學校的菜田裡培養出的學生會讓人相信這個道理。   ...more
",https://www.books.com.tw/products/0010554110?loc=P_0003_021
222,白佛言閱讀與寫作教室(上冊)：Be-tween這樣幸福,白佛言,2012-07-08,"
如果把任何文本轉化為教學教材，帶入教學現場中。我們開始有機會和學生一起「自我經驗」文本的模擬現場世界，跟著主角人物經歷生活、思考生活、體驗人生課題。   這會在個人教學、學習的生命史上留下深刻...more
",https://www.books.com.tw/products/0010549975?loc=P_0003_022
223,深林閱讀：我在荒山小學的作文課,洪瓊君,2012-07-01,"
讓我們張開感知的羽翼在綠色的天空裡泅泳，   輕輕的劃破心智的洋面~   看作者的不止荒山、不止學校的不止作文課；   如何透過自然觀察、繪畫、肢體感知、冥想   與故事說演的方式，   吸引桀驁不馴的大地...more
",https://www.books.com.tw/products/0010551908?loc=P_0003_023
224,編織式創意記敘文寫作教學,瞿吟禎,2012-06-21,"
國語文能力的高低取決於閱讀與作文能力的優劣。 好的作文教學應該引導兒童學會創造，發揮想像力。 透過創意概念，以從句到段到篇到書的編織式架構，結合記敘文寫作教學，建構一套編織式創意記敘文寫作教學...more
",https://www.books.com.tw/products/0010547285?loc=P_0003_024
225,朱天衣創意玩作文有聲書：享受與文字玩遊戲的快樂,朱天衣,2012-05-25,"
朱天衣老師最新的作文新書   全國第一本有提把設計的作文禮物書   超級精彩!超級好玩!超級吸睛!   【12篇說故事玩作文有聲書光碟(MP3∕共131分鐘)】   +   【好玩又能讓你變得好厲害的遊戲讀本】   讓你的...more
",https://www.books.com.tw/products/0010545528?loc=P_0003_025
226,五「心」級親子電影院：這些電影要告訴孩子的事,陳建榮,2012-05-20,"
電影放映時，啟動了夢想；電影結束後，啟發了思考   從電影裡的人生百態，陪孩子探索自我生命的精采 !   這是一本精選16部中外好片，讓孩子以更具體的觀影經驗，呼應本身的生活經驗，探討孩子該了解的人生...more
",https://www.books.com.tw/products/0010544493?loc=P_0003_026
227,語文戲劇化教學,許璦玲,2012-04-19,"
語文是人類溝通的媒介，也是獲得知識、訊息的途徑。學習語文，主要是培養孩子獨立學習、處理生活的能力，甚至可藉由它來增強國力等。而語文學習領域裡包含了聽、說、讀、寫、作等範疇，把這些領域融合戲劇...more
",https://www.books.com.tw/products/0010539756?loc=P_0003_027
228,國高中生成功學習的49個關鍵：教育博士教你如何快樂學習、快速提昇成績!,劉暢,2012-04-15,"
苦讀成績不一定好 盲讀成績一定不好 掌握這些尋常不過的學習關鍵 讓你從此樂讀 成績明顯進步   你是否有這些困惑?   ◆挑燈夜戰換不到好成績，下課背十分鐘的書卻能考一百分?   ──關鍵在於「即時複習」!   ...more
",https://www.books.com.tw/products/0010541706?loc=P_0003_028
229,給孩子改變世界的機會!,許芯瑋、社團法人臺灣童心創意行動協會,2012-04-05,"
牽動全球30餘國，逾2500萬人的創意思潮!   創新教育哲學「Design For Change」的全球首部專書!   Kiran Bir Sethi DFC全球發起人╳詹志禹 政大教育學院院長   倒立先生 黃明正 夢想實踐者╳郭至楨 ......more
",https://www.books.com.tw/products/0010540273?loc=P_0003_029
230,學習的革命：從教室出發的改革,佐藤學,2012-04-03,"
讓孩子找回學習樂趣、讓老師找到成長動力 日本教育大師 佐藤學「學習共同體」教改奇蹟完整呈現   為什麼「快樂學習」沒有辦法提高學習動機?   為什麼「能力分班」不是「因材施教」的好方法?   為什麼亞洲...more
",https://www.books.com.tw/products/0010539845?loc=P_0003_030
231,作文好好玩：讀寫結合(基礎),管家琪、房科劍,2012-04-01,"
這書針對低年級以上的孩子做設計，在「讀」的方面，挑選適合孩子們適讀的好文章，然後從文章出發，設計相應的「語文遊戲」，並由老師做細緻且獨到的帶領，引導孩子們能夠非常自然地從「讀」進入到「寫」，...more
",https://www.books.com.tw/products/0010537825?loc=P_0003_031
232,作文好好玩：讀寫結合(中級),管家琪、房科劍,2012-04-01,"
本書除了告訴小朋友如何寫作文、如何提升作文能力的基本觀念外，還需認識用字精鍊及條理的重要性。共有十課，分成七個重點：1.詞彙的累積。2.訓練觀察力。3.你想說什麼? 4.蒐集材料。5.如何抓重點、如何具...more
",https://www.books.com.tw/products/0010537832?loc=P_0003_032
233,作文好好玩：讀寫結合(高級),管家琪、房科劍,2012-04-01,"
作文怎麼玩?表演接力、寫簡訊、模擬拍賣會、導盲遊戲……，都能玩出作文能力，讓你樂在作文!   知名作家管家琪與房科劍老師聯手合作，精心打造有趣又有效的「讀寫結合」系列：讓孩子從閱讀中，認識絕妙佳文...more
",https://www.books.com.tw/products/0010537835?loc=P_0003_033
234,想像力開發創意教室 2,陳璐茜,2012-03-01,"
「流行」商店的老闆是一隻螃蟹，喜歡穿八雙不同的鞋子、喜歡穿盔甲似的衣服、喜歡橫著走路，大家都學他……   想像力是一種有待開發的能源，只要能夠把想像中的事物用任何形式表達，就是「創作」。 本書特色...more
",https://www.books.com.tw/products/0010535812?loc=P_0003_034
235,讓學生不想下課的作文課(2版),高詩佳,2012-02-01,"
近年來，國人的國語文能力普遍低落，學生也害怕寫作文，而失去作文能力，就等於失去平日口語的表達與組織能力，因此，要搶救孩子的中文程度，就必須透過活潑、有創意的教學活動引導，因為帶有遊戲與趣味性...more
",https://www.books.com.tw/products/0010532486?loc=P_0003_035
236,識字教學策略,許彩虹,2012-01-05,"
語文程度的提升成了大家關注的話題。識字能力能增進閱讀力，並進而提升語文程度。期能利用多元的識字教學策略，從戲劇、閱讀、寫作與後設認知四個層面來探討識字教學策略，藉此提升識字能力，奠定語文基礎...more
",https://www.books.com.tw/products/0010529660?loc=P_0003_036
237,溫美玉老師的祕密武器：班級經營與寫作,溫美玉,2011-11-01,"
當老師的每一天，總是忙碌的在教室上課、改作業、處理大小雜務，除非刻意或是不得不及時處裡的大事，鮮少有機會靜靜聆聽孩子的心聲或祕密，也因此，很可能錯過了無數捕捉孩子真正面貌的機會。尤其孩子已經...more
",https://www.books.com.tw/products/0010523366?loc=P_0003_037
238,家庭學校關係：親師合作的成功策略,,2010-12-08,"
第十章：〈教育法規與家長權利〉，撰寫得很棒，就大學課程而言，我未曾看到比它好的內容，其容易理解且未「弱智化」(過於簡化)訊息。--Kay A. Halverson 博士，佛羅里達灣海岸大學   《家庭學校關係：親師...more
",https://www.books.com.tw/products/0010490808?loc=P_0003_038
239,老師，您可以做得更好,徐美鈴,2010-10-01,"
以輔導代替教條，以尊重代替強制規範   小方、小嚴、小賴長得高壯，不喜歡讀書，常有行為問題受到學務處的關注。自從國三被分到所謂的後段班之後，很快就和調皮搗蛋、不擅讀書的同學打成一片。課堂上，他...more
",https://www.books.com.tw/products/0010483407?loc=P_0003_039
240,幼兒行為觀察與記錄,黃馨慧,2010-09-23,"
全書架構以「觀察」的準備為先，包括「知識工具」及「心態的準備」。接著論述觀察的方法，包括系統化的步驟與常用的記錄方法，配合幼兒發展特性，探討觀察記錄呈現方式及教學策略。   另增加照片及記錄格...more
",https://www.books.com.tw/products/0010582063?loc=P_0003_040
241,創意美術畫童年,陳穎彬,2010-07-13,"
兒童畫就如同活躍於兩岸華人界的現代繪畫大師陳顯棟老師所言：「每一線條是有生命，也瞭解到色塊與色塊的關係，造型與色彩的關係，創造出屬於內心感覺。」陳大師不僅研發出特殊的繪畫材料與技法，也創造出...more
",https://www.books.com.tw/products/0010475138?loc=P_0003_041
242,暴力校園：學生趨吉避凶的潛規則,林啟文,2010-06-11,"
校園黑幫勢力猖獗，   暴力事件層出不窮，   您擔心孩子的安全嗎?   黑幫與校園暴力的威脅   自從電影《艋舺》上映以來，台灣社會似乎又吹起了一陣「黑幫熱」，引發社會上熱烈的討論。儘管《艋舺》的電影...more
",https://www.books.com.tw/products/0010471624?loc=P_0003_042
243,班級經營三人行,薛春光、李永旭、陳君易、黃鈺欽、徐國峰,2009-12-05,"
讓家長成為班級經營的最佳後盾，達到親師生三贏。 提供學校老師營造親師交流平臺的方法，同時加強班級經營的效果，讓親師生關係成為班級經營的利器，更能彰顯學校教育的意義。   全書分為「不一樣的家長日...more
",https://www.books.com.tw/products/0010455255?loc=P_0003_043
244,上閱讀課囉!,許慧貞,2009-11-05,"
閱讀課應該是活潑的、愉快的! 圖書館利用教育應該是生動的、有趣的! 孩子對書籍的印象應該是美好的、幸福的!   畢業於臺大圖書館系的許慧貞老師，長年推動閱讀與圖書館教育，本書是她的心血結晶，書中分為...more
",https://www.books.com.tw/products/0010451799?loc=P_0003_044
245,小學生遊戲.春,張老師,2009-09-01,"
兒童具有無限的希望與未來，為了幫助兒童實現他們的希望，必須努力於健全的教育。國民小學學習指導要領中敘述--「希望透過愉快的團體活動，使兒童身心得以均衡發展。」現今，在我們的生活範圍中，無論是社...more
",https://www.books.com.tw/products/0010448129?loc=P_0003_045
246,小學生遊戲.夏,張老師,2009-09-01,"
兒童具有無限的希望與未來，為了幫助兒童實現他們的希望，必須努力於健全的教育。國民小學學習指導要領中敘述--「希望透過愉快的團體活動，使兒童身心得以均衡發展。」現今，在我們的生活範圍中，無論是社...more
",https://www.books.com.tw/products/0010448130?loc=P_0003_046
247,小學生遊戲.冬,張老師,2009-09-01,"
兒童具有無限的希望與未來，為了幫助兒童實現他們的希望，必須努力於健全的教育。國民小學學習指導要領中敘述--「希望透過愉快的團體活動，使兒童身心得以均衡發展。」現今，在我們的生活範圍中，無論是社...more
",https://www.books.com.tw/products/0010448131?loc=P_0003_047
248,補教老師教學錦囊,林敬,2009-06-06,"
補教是教育領域的明星產業，但個中的操作與經營也向來都如鎖在巨塔般神祕。   補教名師人人稱羨作育英才，受家長及學生景仰之餘，更享有如大明星般的名氣，再加上荷包滿滿的成就感委實令人，吸引了許多想...more
",https://www.books.com.tw/products/0010437658?loc=P_0003_048
249,老師不該說的話,"中村和行,山本誠,武田富子,諏訪耕一,馬場賢治",2009-04-14,"
要成為一個好老師，光是敬業還不夠，如何把話說好也是很重要的。教學的時候，老師為了鼓勵學生，常說些激勵的話，這些話對懵懂青澀的國中生而言，不盡然都能發揮作用；有些話不僅無法達到老師原先鼓舞的作...more
",https://www.books.com.tw/products/0010431814?loc=P_0003_049
250,臺灣英語教育政策之檢視：從小學到大學,,2009-04-01,"
ELT Policies in Taiwan   在全球化的趨勢下，英語已儼然成為世界之共同語(lingua franca)；英國著名的語言學者David Graddol甚至在其2006年出版的English Next書中主張在21世紀，英......more
",https://www.books.com.tw/products/0010866919?loc=P_0003_050
251,全腦學習，萬「試」通!：大小考試K書開竅寶典,黎珈伶,2009-03-23,"
身處資訊爆炸的時代，大多數人都有資訊焦慮的恐慌：課業壓力龐大的學生害怕書唸得不夠快、不夠多；老師、家長擔心孩子無法消化、吸收，成績不理想；上班族努力進修考證照，擔心時間不夠、學習效率不佳.......more
",https://www.books.com.tw/products/0010429326?loc=P_0003_051
252,開往夢想花園的九班列車：構築幼兒學習的課程故事,幼改會,2009-01-16,"
說孩子學習的故事——在「以孩子為中心」的教與學模式中，我們往往需要更聰慧的老師——知道何時該退隱、何時該介入孩子的學習。在《開往夢想花園的九班列車──構築幼兒學習的課程故事》中，透過現場老師們的課...more
",https://www.books.com.tw/products/0010425937?loc=P_0003_052
253,創意教具攻略,顏怡欣,2008-12-05,"
本書彙整近百種自製教具的製作及運作方法，能增加教學自主揮灑的空間；詳列注意事項與延伸變化，強調學習者本位；教具展示與教具攻略，提供教師著手教具製作的新方向。依學習者的年齡區分，亦可隨學習者的...more
",https://www.books.com.tw/products/0010422083?loc=P_0003_053
254,無暴力校園──教師工作手冊,ALLAN L.BEANE博士,2008-02-01,"
在台灣約有六成左右的國小學童曾經被霸凌過，   約一成左右的孩子經常都會被同學欺負；   同時，也有六成三的孩子因為被欺負而對上學產生恐懼。   霸凌就是校園暴力。   霸凌絕不是一種孩子之間的玩笑，  ...more
",https://www.books.com.tw/products/0010393103?loc=P_0003_054
255,幼兒藝術,編輯部,2007-10-09,"
本書譯自 NAEYC所出版的《 Considering Children s Art： why and how to value their works》兒童藝術是一種語言，記錄著兒童的所見、所知、所感、所想。藉由兒童的藝術品，我們可以感受......more
",https://www.books.com.tw/products/0010582072?loc=P_0003_055
256,讀報教育指南.語文篇,國語日報讀報教育編寫小組,2007-09-16,"
語文能力是孩子必須具備的重要基本能力之一。本書利用報紙具有多元豐富素材的特色，網羅許多鮮活有趣的讀報語文教學實例，提供師長運用報紙來提升孩子語文能力的好方法。...more
",https://www.books.com.tw/products/0010384921?loc=P_0003_056
257,手製繪本快樂玩：從手製繪本愛上閱讀與寫作【進階版】,林美琴、穆醑煙,2007-08-01,"
隨著手工繪本及手製小書日漸風行，坊間出現了不少教學書籍，然而大部分只是介紹手工書的外型(硬體)如何製作，並未談及內容(軟體)該如何經營。   帶孩子製作手工繪本，如果只是照著步驟完成外在的形式，那...more
",https://www.books.com.tw/products/0010373795?loc=P_0003_057
258,從課堂教學中培養兒童的自信心,編輯部,2007-05-07,"
我們期望所有的孩子都能對自己有正面評價，並擁有高度自尊!高自尊兒童能自我控制、調節情緒，避免問題行為的發生。因此，提高自尊有助於促進兒童全方位健全的身心發展。   本書作者以淺顯易懂方式表達自尊...more
",https://www.books.com.tw/products/0010582966?loc=P_0003_058
259,班級經營潤滑劑,薜春光,2007-02-06,"
...more
",https://www.books.com.tw/products/0010355374?loc=P_0003_059
260,動力老師萬歲!創造體制內的教育空間,林文虎,2006-11-15,"
2006年初《好老師在這裡!》出版，不到一星期的時間，初版一刷的書一搶而空，急急加印的「二刷」也很快地賣完。臺北市北投區一位督學甚至自掏腰包，買書分贈學區內所有學校行政主管，而且舉辦了一場又一場...more
",https://www.books.com.tw/products/0010346133?loc=P_0003_060
261,熱血!運動服校長奮鬥記,鈴木高弘,2006-06-10,"
只要校長有心，學校就會改變!   「骯髒不堪的走廊上，塑膠袋四處散落，地板上黏著隨地亂吐的口香糖。完全沒有被打掃過的痕跡，天花板到處都是破洞。一年級教室前，有幾個學生在那裡探頭探腦，他們說是自習...more
",https://www.books.com.tw/products/0010334374?loc=P_0003_061
262,中學生要做的50件事,王星凡,2006-06-10,"
中學時期是人生成長的關鍵，在這個時候，總有一些事情是你必須經歷的。   那些事未必是什麼驚天動地的大事，可能只是一些生活上普通而簡單的小事。   但也正是這些事，在不知不覺中一點一滴的改變你的世界...more
",https://www.books.com.tw/products/0010334689?loc=P_0003_062
263,國中三年快樂教,牧語軒,2006-03-28,"
家長難纏，學生愛搞怪，老師如何不抓狂? 身為老師，光有專業知識還不夠， 四大獨門教學定律幫你拼成績、拼經營、拼人氣， 把家長、學生一併都收服! 掌握四大獨門教學定律，應用於實際教學情境， 你就能快...more
",https://www.books.com.tw/products/0010328689?loc=P_0003_063
264,幼兒教學實務-幼兒教室的一天,Jeannette G.stone,2006-01-11,"
本書譯自 Jeannette G.stone 著《 Preschoolers:It looks like this in pictures 》。共分成 18 個 單元。從實際發生在幼稚園或托兒所的全日的教學情境中，並透過圖片與文字的描述，提......more
",https://www.books.com.tw/products/0010582059?loc=P_0003_064
265,好老師在這裡!一份教育現場的觀察紀錄,林文虎,2006-01-05,"
上市兩天內，熱賣上千本   教育廣播電臺教育十方談名節目主持人林文虎，寫下他對教育現場的觀察紀錄：第一章「關於人」，述說的是「好老師」與學生互動的校園生活，第二章「關於一群人」，記錄了從離島到...more
",https://www.books.com.tw/products/0010321645?loc=P_0003_065
266,探索教育活動安全管理,吳漢明、鄭瑞隆、盧仲文,2005-10-25,"
探索教育開啟以生活體驗學習為主的課程，而成效端視訓練員是否具備純熟的帶領技巧，本書提供訓練員全方位的安全管理觀念與指引，使學員能安全無虞的參與體驗進而得到真正的成長。 作者簡介 吳漢明   澳洲...more
",https://www.books.com.tw/products/0010313664?loc=P_0003_066
267,幼兒教保課程模式,編輯部,2005-10-18,"
本書譯自 High Scope所出版的《 Models of Early Childhood Education》。本書檢閱六個幼教模式的課程說明資料、驗證與傳播：蒙特梭利教學法、河岸街發展互動教學法、高瞻教學課程、卡米 -達夫斯建構觀點...more
",https://www.books.com.tw/products/0010582069?loc=P_0003_067
268,托育機構經營與管理,編輯部,2005-10-18,"
本書譯自 NAEYC所出版的《 Setting up for infant/Toddler care guidelines for centers and family child care homes》。原作者群結合了彼此 15到 20年......more
",https://www.books.com.tw/products/0010582074?loc=P_0003_068
269,玩出好品格─青少年體驗式學習的品格教育(附體驗活動示範影音DVD光碟),洪中夫,2005-10-01,"
「品格是外加的修養，還是內化的生命?」這是作者編寫這套教案時，我們經常彼此激盪的問題。聖經描繪的圖畫是：「好樹結好果子」、「聖靈所結的果子，就是仁愛、喜樂、和平、忍耐……」。這套教案提供了孕育...more
",https://www.books.com.tw/products/0010314179?loc=P_0003_069
270,打造我們的和平教室,黛安‧李文,2005-08-25,"
對孩子來說，在這樣的一個暴力年代裡，要知道如何做出適當的行為真的是一種兩難。   一方面，孩子每天都會從媒體中得到這樣的訊息：「這個世界是一個危險的地方，我們需要武器和打鬥，才能夠保護自己的安...more
",https://www.books.com.tw/products/0010307578?loc=P_0003_070
271,閱讀悅有趣-開發孩子閱讀策略的書,簡馨瑩、曾文慧、陳凱筑,2005-07-20,"
閱讀，是人類與知識交會的最佳途徑，如何讓孩子讀得更好，讀得更有方法，本書讓你輕鬆入門，成為閱讀策略高手! 內容特色   1.本書以「提問」為主軸，讓學生放心的開始問，幫助孩子提升問題層次，一步一步...more
",https://www.books.com.tw/products/0010304575?loc=P_0003_071
272,我就是這樣教作文──沈老師的二十堂作文課,沈惠芳,2005-07-06,"
作文名師沈惠芳女士傾囊相授，將多年積累的作文教學經驗，濃縮成容易上手、容易操作的實用篇章；將老師在作文教學上遇到的各項難題，改裝成二十堂輕鬆有趣的遊戲課。從如何寫作開始，到找出主旨、怎樣審題...more
",https://www.books.com.tw/products/0010303434?loc=P_0003_072
273,作文加油站第一輯(1-10期),李梅蘭,2005-06-20,"
本書邀請國內各知名教師、文字工作者、作家一同編撰，內容活潑，輕鬆有趣，引領小讀者在自然的閱讀中，增進語文能力。 主要單元有：   一、文字加油︰這個單元主要在增進文字基本能力，包括字彙、字形、字...more
",https://www.books.com.tw/products/0010303039?loc=P_0003_073
274,國小閱讀測驗-中年級,林樹嶺,2005-06-15,"
本書是以興味第一、啟發思考、培養閱讀能力為先。取材自神話、寓言、傳說、童話、民間故事、名人事蹟等。篇篇趣味洋溢，吸引力十足，以問題刺激思考，挑戰智慧，留下餘味，滿足想像，享受閱讀的無窮樂趣。...more
",https://www.books.com.tw/products/0010318429?loc=P_0003_074
275,老師們，加油!,胡邦欣,2005-05-27,"
當老師， 是一份有希望和有生命力的工作；是一份有創意的工作； 是一份可以自我實現的工作。 所以，老師你要絕對相信------ 教育是重要，而且有用的；學生的本性是善良的； 學生的行為可因老師的教導而改...more
",https://www.books.com.tw/products/0010293877?loc=P_0003_075
276,童話可以這樣看——經典童話讀書會I,林玫伶,2005-04-30,"
本書以10篇經典童話為主軸，包括白雪公主、灰姑娘、美人魚、青蛙王子、醜小鴨、穿長靴的貓、小紅帽等，在「故事概覽」之後，各篇均涵蓋三個討論主題，並搭配「學習單」(供讀者操作思考)、「深度導讀」(給L...more
",https://www.books.com.tw/products/0010291486?loc=P_0003_076
277,演一齣生命的舞臺劇,朱錫林,2004-12-30,"
本書是全校總動員的作品集，有小朋友寫的童詩、校長寫的賞析、教師寫的散文還特別設計了教學活動。   內容涵蓋了生命的成長與奮鬥、自我肯定與價值、愛與關懷、環保、EQ與創意思考，是一本結合眾人力量將...more
",https://www.books.com.tw/products/0010280121?loc=P_0003_077
278,拿第一名的方法：小學生考取好成的學習祕訣,向日葵編輯小組,2004-12-01,"
一樣去補習班、做一樣的習題、一樣努力讀書，可是為什麼就是自己考不好呢?這應該是大部分學生的煩惱!   其實，念書並不是只要不斷努力就可以，念書也是需要技巧的!不管怎麼努力，成績都沒有進步的話，那是...more
",https://www.books.com.tw/products/0010276792?loc=P_0003_078
279,創意國語文教學活動設計,潘麗珠,2004-11-25,"
一、如何讓國語文擺脫舊式教學藩籬，如何在九年一貫的架構中，走出一套活潑創新的教學設計，透過本書一篇篇別具新意的教案內容，引領讀者窺見國語文教學的創新意涵。   二、本書為集結19篇國語文教學活動...more
",https://www.books.com.tw/products/0010278943?loc=P_0003_079
280,脫困妙招101：青少年自保祕笈,吳美嬌:謝菁菁,2004-09-30,"
本書針對青少年朋友在日常生活中會遭逢到的小難題，到發生重大危難時的急變處理妙招，分三篇：〈同行天使?──朋友陷阱篇〉、〈校園底事──環境陷阱篇〉、〈紅塵心事──情事陷阱篇〉，30個案例，30個學習事件...more
",https://www.books.com.tw/products/0010270931?loc=P_0003_080
281,小學生如何做好班長,孫婉玲,2004-07-30,"
你是怎麼當上班長的? 老師指派、同學選出來的、還是自願擔任的? 你用什麼心態面對這個工作? 覺得很得意開心，還是吃力不討好? 班長要做些什麼工作呢? 主持班、扮演老師和同學間的橋樑、指揮其他幹部.........more
",https://www.books.com.tw/products/0010269462?loc=P_0003_081
282,高瞻幼兒教育-幼教課程教學實務,編輯部,2004-07-09,"
高瞻教學法依孩子知識發展領域要素分類為：創造力的表現、語言和文學、主動性與社會性、動作、音樂、序列、分類、數字能力、空間、時間，以 58個活動實例說明各領域之主要經驗。...more
",https://www.books.com.tw/products/0010582071?loc=P_0003_082
283,歌詠生命的旋律：高中職生命教育教案,孫效智,2004-07-07,"
鬱卒的時候，怎麼辦?   面對愛情，是期待又怕受傷害!   對於未來，惶惶不安、沒有把握!   這些都是e世代們的煩惱，面對這麼多煩惱，可怎麼辦才好!?   所以，這次我們將提供教師們新的解決妙方，讓e世代的...more
",https://www.books.com.tw/products/0010264171?loc=P_0003_083
284,雞伯老師鴨學生,黃振裕,2004-06-30,"
熱情認真的「雞伯」老師， 帶領著六年甲班的一窩活潑「小鴨」們， 用心構築起一個美麗、溫馨的學習環境， 連小鴨們的父母，也都被拉進來參與這快樂的工程! 如果你是老師，本書可作為「班級經營」的參考； ...more
",https://www.books.com.tw/products/0010263546?loc=P_0003_084
285,表演藝術大公開：戲劇教學指導手冊,葛琦霞,2004-06-30,"
針對國小中、高年級學生設計，提供進階的表演藝術教學建議，從概念下手，漸次提升，讓表演藝術溶於課程之中，使藝術與人文和生活結合。   書中提供四本不同型態及表演方式的劇本，便利老師與學生在班上實...more
",https://www.books.com.tw/products/0010269629?loc=P_0003_085
286,和生活做朋友：社區空間學習手冊,鄭晃二,2004-03-31,"
全書以學習單式的活動設計呈現，將社區中的公共空間分為九個部分，列出48個社區中常見的空間利用方式，透過書中的照片與陳述，配合使用者的實際觀察，經由體驗來認識並界定「好環境」的特質。   超過兩百...more
",https://www.books.com.tw/products/0010255057?loc=P_0003_086
287,小學公民教育：教學策略的實踐,李榮安,2004-01-31,"
本書第一部份介紹有關公民教育的背景、理念及相關的教學模式；第二部份詳細介紹五類公民教育教學策略，並附具體教案資料；第三部份是多位從事公民教學的資深教育工作者，對近年香港教育界推行的公民教育計...more
",https://www.books.com.tw/products/0010253623?loc=P_0003_087
288,快樂教學魔法書,賴秋江,2003-12-15,"
本書共分三篇，上篇包含新接班級、期末、分班前、開學後、畢業等班級經營；中篇包含中秋節、教師節、端午節、耶誕節等節慶活動；下篇涵蓋交通安全、性別平等、生涯發展、家政等重大議題。簡易的文字敘述、...more
",https://www.books.com.tw/products/0010244236?loc=P_0003_088
289,親子共讀—做個聲音銀行家,王琄,2003-11-20,"
你曾留心聽過聲音的顏色嗎?   你知道原來聲音也有形狀嗎?   聲音銀行，點燃孩子閱讀的興趣與熱情，親子共讀的無窮樂趣，隱藏在你我未曾留意的有聲世界。   聽見閱讀的「聲音」，發現如彩虹般的聲音世界， ...more
",https://www.books.com.tw/products/0010241230?loc=P_0003_089
290,中學生閱讀策略,蘿拉‧羅伯,2003-10-09,"
學會閱讀策略的學生，才能積極參與研究、閱讀、寫作、談論，思考生活相關的主題，進而建立堅實的學習基礎，達到良好的學習效果。   本書作者羅伯以淺顯易懂的理論，由中學生的特質切入，示範成套的閱讀策...more
",https://www.books.com.tw/products/0010237136?loc=P_0003_090
291,教改錯在哪裡?──我的陽謀,黃光國,2003-09-01,"
本書主要目的在指出「教改錯在哪裡?」，並釐清「教改教父」李遠哲的「教改理念」及教育部政策形成過程中的誤謬，之後進一步討論此種錯誤的「教改理念」為什麼會造成種種教改亂象，以及應當如何以「建構實...more
",https://www.books.com.tw/products/0010233511?loc=P_0003_091
292,兒童遊戲法大全,團康輔導組,2003-07-01,"
本書搜集了多種古早遊戲，分為童玩、團體、大地、鬥力等趣味遊戲，藉此喚醒你心中沉寂許久的兒時歡笑，並為現代孩童打造一個童心未泯的綺麗世界。...more
",https://www.books.com.tw/products/0010369270?loc=P_0003_092
293,生命教育GOGOGO：班級經營活動套餐(書+學習活動單光碟),張輝道,2003-05-05,"
透過班級經營的方式，體驗「生」、「老」、「病」、「死」等生命循環歷程。主題式的活動教案、可直接運用及深具親子交流意義的學習單、豐富多樣的延伸活動，提供教師塑造班級經營風格的最佳範例。   功能...more
",https://www.books.com.tw/products/0010223181?loc=P_0003_093
294,擋不住的科學魔力：自然與生活科技教案大公開,吳燈山,2003-02-25,"
針對自然與生活科技領域，同時統整語文領域，設計低、中、高不同年段的示範教案，教師可在課程中直接運用，亦可從中擷取概念與創意，成為自行設計教學活動的根據。...more
",https://www.books.com.tw/products/0010217140?loc=P_0003_094
295,讀書會難不倒你,沈惠芳,2002-12-31,"
精選七本童書，根據書中主題，延伸設計出活潑的閱讀教學策略與活動；內容以培養國語文領域的閱讀能力為核心，同時統整了綜合活動領域中的指定單元，以及人權、環境、資訊教育等重大議題。   學校教師可根...more
",https://www.books.com.tw/products/0010211286?loc=P_0003_095
296,從遊戲中學習語文,Susan Miller,2002-11-19,"
想讓孩子在無壓力的環境中盡情發展自我嗎? 害怕自己不夠「專業」，又不知該如何選擇適合的幼兒園? 不能親自體會孩子的成長是多麼可惜的事! 其實，您就是陪幼兒全方位發展最好的引導者!   這是一套原理與實...more
",https://www.books.com.tw/products/0010208544?loc=P_0003_096
297,班級家長會DIY,萬佩萱,2002-10-15,"
台灣的中小學都有家長會的設置，但長久以來，家長會常只扮演捐錢的角色，並未對學校教育產生積極的作用。   近年來，台灣的教育制度與教育環境、教育觀念不斷的在改變，家長會的功能因而重新受到重視，而...more
",https://www.books.com.tw/products/0010207280?loc=P_0003_097
298,評量高手就是你：語文評量策略,沈惠芳,2002-09-16,"
傳統的評量侷限於紙筆測驗的方式，此書打破限制，提出「評量的新觀念」：評量不再與「考試」畫上等號，它可以是充滿創意、活力、趣味的活動設計!此外，本書還根據九年一貫課程綱要的能力指標，提供了一整...more
",https://www.books.com.tw/products/0010204081?loc=P_0003_098
299,當孩子的大頭目,黃振裕,2002-09-05,"
本書特色： 快開學了，當爸媽的、當老師的，擔心孩子的學校生活嗎? 孩子在學校快樂嗎?學習環境和氣氛好不好，直接影響孩子的學習成果。 老師帶學生常覺得為什麼全心投入，卻達不到理想效果? 孩子為什麼怕...more
",https://www.books.com.tw/products/0010202129?loc=P_0003_099
300,創意教學56變,賴秋江,2002-07-03,"
本書從「使用時機」、「適用年段」、「目的」到「教學步驟說明」、「補充說明」，具體提供五十六則創意語文教學法，其中包括幼稚園大班和小學一年級生的語文入門教學法，以及用來提升較高年級學生語文能力...more
",https://www.books.com.tw/products/0010198392?loc=P_0003_100
301,七大學習領域教法50招,黃錫培,2001-11-30,"
將九年一貫課程的特色、七大學習領域的活動設計、學校本位課程的規畫、多元評量的記錄與應用均融入創意教學中，讓「教」與「學」都能更生動、有趣。 提供課程活動的設計規畫參考。 提供教育工作者多元的班...more
",https://www.books.com.tw/products/0010179427?loc=P_0003_001
302,老師，我們愛您一萬年,傑夫．史波頓,2001-08-22,"
這是一本平凡如你我的人寫就的書，因為在他們的生命中有一個難忘的形象，他的身軀曾經帶領我們在豔陽下打球，在跑道上衝刺。   處罰我們交互蹲跳，從走廊的這頭到那頭，他的話語，曾經帶領他們到達最遠的...more
",https://www.books.com.tw/products/0010172137?loc=P_0003_002
303,引爆語文能力-統整、全語和多元智能取向的教學,沈惠芳,2001-07-25,"
閱讀對象 關心九年一貫課程設計的教師、家長、社會人士。 內容 *書中共有三大單元，以全語教學的理論為基礎，統整出多樣化的語文活動，落實多元智能的開啟。 *書中展現的教學活動，同時兼具多重領域及基本...more
",https://www.books.com.tw/products/0010166924?loc=P_0003_003
304,和小朋友玩閱讀遊戲：兒童繪本親師手冊,周敦怜,2001-06-15,"
本書挑選了三十種適合三至八歲孩子閱讀的優良繪本，除了介紹故事內容，也為每本書設計了不同的活動及學習單，協助老師、家長引導孩子進入閱讀的世界；其中，『創司活動』識本書最獨特的單元，內容包括：肢...more
",https://www.books.com.tw/products/0010163256?loc=P_0003_004
305,多元智能輕鬆教──九年一貫課程統整大放送,張湘君,2001-05-15,"
多元智能是什麼?   多元智能該從哪裡開始著手?   你只重視孩子語文及數理能力嗎?   你曾想過如何開發孩子的其他智能嗎?   九年一貫課程是否讓你傷透了腦筋，卻還是不知導該如何下手?   新時代、新教育觀念...more
",https://www.books.com.tw/products/0010159065?loc=P_0003_005
306,和高中生搏感情,鈴木敏則,2001-04-15,"
...more
",https://www.books.com.tw/products/0010155419?loc=P_0003_006
307,教孩子輕鬆閱讀,胡鍊輝,2001-03-15,"
閱讀，是一種樂趣，也是一種享受，如何讓孩子親近書本，培養主動閱讀的習慣，作者提出了獨特的見解與策略，以實務為主，理論為輔，在配合具體的辦法，讓孩子在愉悅的心情中，達到開卷有益的效果。...more
",https://www.books.com.tw/products/0010164284?loc=P_0003_007
308,種子發芽了：主題創意教案,費爾‧薛馬、朵麗‧薛馬,2001-02-15,"
12個加強自主學習的主題創意教案，激發學生的創意和能力，啟發學生在課堂以外的興趣，建立終生的學習技巧。   本書協助你為學生準備補充教材，不論是針對一位學生、小組人員或是整個班級，都可以實施。教...more
",https://www.books.com.tw/products/0010147296?loc=P_0003_008
309,幼兒潛能EQ開發(教學手冊)-幼稚園小班(小A),王秀園,2001-01-15,"
內容簡介：   高德樂博士(Dr. Howard Gardner)，在研究本世紀以來卓越傑出的天才中，印證了EQ的重要性。他的研究結果指出，120左右的IQ雖然世一個出類拔萃的天才所必備的先決條件，但爾後無論他的IQ指數有...more
",https://www.books.com.tw/products/0010150613?loc=P_0003_009
310,燃燒吧，家長們! 一個國中家長會的故事,丘引,2000-12-15,"
誰說國中生活只有苦讀?誰說參加國中家長會只能循規蹈矩? 誰說家長、老師、學生三方面，無法建立「三通」管道?   作者丘引依據自己參與國中家長會的經驗，以輕鬆活潑的筆吻寫出一個另類家長會故事，顛覆所...more
",https://www.books.com.tw/products/0010150725?loc=P_0003_010
311,幼兒數學遊戲,James L. Overholt、Jackie M. White-Holtz、Sydney S. Dickson,2000-11-01,"
《幼兒數學遊戲》中的教學活動集中在數字感和數數、數字運算、測量、幾何，及問題求解和推理上。本書中的遊戲是為幼稚園和一年級的小朋友所設。但是，其中的那些進階方法是為年齡稍大或者能力較強學生所準...more
",https://www.books.com.tw/products/0010178698?loc=P_0003_011
312,開創國中班級制度的祕訣,尾木直樹,2000-09-15,"
校園裡，逃學、翹課、打架等問題層出不窮，為現今教育上重大課題之一。雖然各式各樣的規定、體罰一一出籠，嚴格的規範著孩子們的行為，然而孩子們怎麼想，感受又是如何呢?孩子藉暴力與不當行為所要表達的...more
",https://www.books.com.tw/products/0010150721?loc=P_0003_012
313,有效學生評估70式,胡緯,2000-09-15,"
本書以老師為對象，以考試為核心，探討老師如何提高學生的有效應試能力?如何協助學生面對考試的焦慮?以及如何輔導學生面對考試後的挫折?作者以嚴肅與輕鬆兼備的筆觸，寫出適合教育工作者及學生對了解和應...more
",https://www.books.com.tw/products/0010150723?loc=P_0003_013
314,玩出超炫能力來：九年一貫課程教案大公開,沈惠芳,2000-09-02,"
閱讀對象： 關心九年一貫課程設計的教師、家長、社會人士。 內容： *書中共有九個主題活動，提供了望遠鏡似的「設計源起」，指南針般的「教學目標」，地圖一樣的「活動流程」，以及如一份份乾糧的「學習單...more
",https://www.books.com.tw/products/0010127965?loc=P_0003_014
315,兒童的數學思考,伯魯迪,2000-09-01,"
不要讓孩子輸在起跑點，是每個為人父母的期望，因此不足為奇的是學前教育的年齡不斷的提前進行。但是審視這個現代社會的現象，如何使幼兒在學前教育階段就能維持基本的尊嚴，尤其正當他們對生命持有深切的...more
",https://www.books.com.tw/products/0010182942?loc=P_0003_015
316,責罵小學生的方法,木堅村悌,2000-08-15,"
上課時，遇到桀驁不馴的學生，你會怎麼處理?對於調皮搗蛋、吵架、不守規矩、不繳作業、唱反調……的學生，又該怎麼辦呢?老師被學生氣得火冒三丈、七竅冒煙，情緒激動得無法抑制而發飆開罵的情形不時會在校園...more
",https://www.books.com.tw/products/0010150720?loc=P_0003_016
317,幼兒遊戲的創意教學,Judy Herr、Yvonne Libby,2000-01-01,"
本系列叢書針對數百位從事幼稚園工作、學齡前教育與照顧兒童的相關人士進行調查，並將收集的意見整理修改之編寫內容，目的是希望和他們分享教學會遇到的難題以及課程的觀念。   內容採用主題式的教學方法...more
",https://www.books.com.tw/products/0010210616?loc=P_0003_017
318,新國中國文動動腦(六),莊美英,1999-10-01,"
時代在不斷的進步中 ，而學校的課本，為了適應這種進步的步化伐，也一次又一次地作了不同幅度的調整，而新國中國文動動腦系列也是在這樣的需求下，仿照舊有的〔國中國文動動腦〕，並接納各方的意見，加以...more
",https://www.books.com.tw/products/0010025564?loc=P_0003_018
319,讓教學更有創意-國中教師談小班教學,沈惠蘭等,1999-09-01,"
...more
",https://www.books.com.tw/products/0010362770?loc=P_0003_019
320,讓教學更有創意-國小教師談小班教學,周麗萍等,1999-09-01,"
...more
",https://www.books.com.tw/products/0010362814?loc=P_0003_020
321,新國中國文動動腦(五),韓姝如,1999-06-10,"
時代在不斷的進步中 ，而學校的課本，為了適應這種進步的步化伐，也一次又一次地作了不同幅度的調整，而新國中國文動動腦系列也是在這樣的需求下，仿照舊有的〔國中國文動動腦〕，並接納各方的意見，加以...more
",https://www.books.com.tw/products/0010091533?loc=P_0003_021
322,兒童邏輯智能的培育與鍛鍊(下),王秀園,1999-05-15,"
...more
",https://www.books.com.tw/products/0010174679?loc=P_0003_022
323,有效學生訓導70式,黃詠絮,1999-04-15,"
...more
",https://www.books.com.tw/products/0010170205?loc=P_0003_023
324,高中國文趣味教學手冊(六),宋裕,1999-04-10,"
...more
",https://www.books.com.tw/products/0010099643?loc=P_0003_024
325,新國中國文動動腦(四),莊美英,1999-02-01,"
時代在不斷的進步中 ，而學校的課本，為了適應這種進步的步化伐，也一次又一次地作了不同幅度的調整，而新國中國文動動腦系列也是在這樣的需求下，仿照舊有的〔國中國文動動腦〕，並接納各方的意見，加以...more
",https://www.books.com.tw/products/0010013240?loc=P_0003_025
326,新國中國文動動腦(二),莊美英,1999-01-01,"
時代在不斷的進步中 ，而學校的課本，為了適應這種進步的步化伐，也一次又一次地作了不同幅度的調整，而新國中國文動動腦系列也是在這樣的需求下，仿照舊有的〔國中國文動動腦〕，並接納各方的意見，加以...more
",https://www.books.com.tw/products/0010036675?loc=P_0003_026
327,新國中國文動動腦(三),莊美英,1999-01-01,"
時代在不斷的進步中 ，而學校的課本，為了適應這種進步的步化伐，也一次又一次地作了不同幅度的調整，而新國中國文動動腦系列也是在這樣的需求下，仿照舊有的〔國中國文動動腦〕，並接納各方的意見，加以...more
",https://www.books.com.tw/products/0010084330?loc=P_0003_027
328,名家論國中國文續編(上),陳滿銘 等,1998-09-01,"
輔助國文教學一向是國文天地雜誌社的宗旨，因此在國文天地的篇幅中，有很大的篇章是對於國、高中的國文課本中，有關於作者生平、單詞分析(含形、音、義)、語句剖析(文法)、義旨探究、作法審辨(修辭、章法...more
",https://www.books.com.tw/products/0010040746?loc=P_0003_028
329,名家論國中國文續編(下),陳滿銘 等,1998-09-01,"
輔助國文教學一向是國文天地雜誌社的宗旨，因此在國文天地的篇幅中，有很大的篇章是對於國、高中的國文課本中，有關於作者生平、單詞分析(含形、音、義)、語句剖析(文法)、義旨探究、作法審辨(修辭、章法...more
",https://www.books.com.tw/products/0010089094?loc=P_0003_029
330,學生作文80法,,1998-03-15,"
...more
",https://www.books.com.tw/products/0010170203?loc=P_0003_030
331,國文教學論叢.續編,陳滿銘,1998-03-15,"
...more
",https://www.books.com.tw/products/0010052518?loc=P_0003_031
332,國小作文指導,陳文和編著,1998-03-01,"
本書系精心選擇與國小學生日常生活息息相關的作文題材，教導小朋友們如何尋找資料，組織文句及表達心中的意念，只要持之以?，配合著學習，必能掌握箇中的訣竅，而在作文能力上日益精進，進步神速。...more
",https://www.books.com.tw/products/0010369275?loc=P_0003_032
333,閃亮的青年作家(上、下),"江煜坤,賴慶雄",1994-09-15,"
---第一名~北市西區~何愛文---當中國科學家---李遠哲先生，獲得諾貝爾獎的消息傳至國內後，舉國歡騰，它使世人再度肯定國人的智慧，並不輸給歐美先進國家。但是我們在高興之餘，也應該對國內的教育制度、...more
",https://www.books.com.tw/products/0010141554?loc=P_0003_033
334,《增訂版》教室裡的春天--- 教室管理的科學與藝術,Ｃ﹒Ｍ﹒查理士,1994-09-01,"
這本暢銷不遂的優良教科書，是用來幫助老師建立一套有效的、具有個人風格的班級常規系統。本書清楚地分析八個廣受歡迎的班級經營模式，引導老師從這些經營模式建立一套具有個人風格的班級管理系統，使每個...more
",https://www.books.com.tw/products/0010012928?loc=P_0003_034
